id_date,date,VND12MAV=,VND1MAV=,VND2MAV=,VND3MAV=,VND6MAV=,VND9MAV=
20080904,2008-09-04,NULL,16.5,NULL,16.75,NULL,NULL
20080905,2008-09-05,NULL,16.5,NULL,16.75,NULL,NULL
20080908,2008-09-08,NULL,16.5,NULL,16.75,NULL,NULL
20080909,2008-09-09,NULL,16.5,NULL,16.88,NULL,NULL
20080910,2008-09-10,NULL,16.5,NULL,16.88,NULL,NULL
20080911,2008-09-11,NULL,16.5,NULL,16.88,NULL,NULL
20080912,2008-09-12,NULL,16.5,NULL,16.88,NULL,NULL
20080918,2008-09-18,17.13,16.5,NULL,16.88,16.95,NULL
20080922,2008-09-22,17.13,16.5,NULL,16.88,16.95,NULL
20080930,2008-09-30,17.25,16.5,NULL,17,17.05,NULL
20081008,2008-10-08,17.25,16.5,NULL,17,17.05,NULL
20081015,2008-10-15,16.88,15.38,NULL,16.28,16.18,NULL
20081022,2008-10-22,16.63,15.25,NULL,15.83,16.05,NULL
20081104,2008-11-04,16,13.88,NULL,14.96,15.48,NULL
20081105,2008-11-05,15.25,13,NULL,14.46,14.98,NULL
20081117,2008-11-17,14.63,12.31,NULL,14,14.38,NULL
20081119,2008-11-19,14.03,11.38,NULL,13.63,13.88,NULL
20081121,2008-11-21,12.9,9.83,NULL,11.53,11.93,NULL
20081125,2008-11-25,11.78,8.7,NULL,10.03,10.58,NULL
20081205,2008-12-05,10.63,7.83,NULL,9.13,9.65,NULL
20081208,2008-12-08,10.5,7.7,NULL,8.88,9.53,NULL
20081209,2008-12-09,10.5,7.7,NULL,8.88,9.53,NULL
20081215,2008-12-15,10.63,7.45,NULL,8.88,9.25,NULL
20081222,2008-12-22,9.7,6.75,NULL,7.99,8.43,NULL
20090105,2009-01-05,6.08,6.5,NULL,7.87,8.3,NULL
20090106,2009-01-06,5.83,6.5,NULL,7.87,8.18,NULL
20090108,2009-01-08,5.83,6.5,NULL,7.87,8.18,NULL
20090109,2009-01-09,7.58,6.13,NULL,7.49,7.61,NULL
20090113,2009-01-13,7.45,6.13,NULL,7.24,7.36,NULL
20090116,2009-01-16,7.45,6.13,NULL,7.24,7.36,NULL
20090120,2009-01-20,7.33,5.75,NULL,6.74,7.11,NULL
20090203,2009-02-03,7.45,5.63,NULL,6.54,6.85,NULL
20090216,2009-02-16,7.45,5.63,NULL,6.55,6.85,NULL
20090223,2009-02-23,7.38,5.75,NULL,6.55,6.85,NULL
20090302,2009-03-02,7.43,5.8,NULL,6.63,6.93,NULL
20090312,2009-03-12,7.35,5.68,NULL,6.5,6.8,NULL
20090416,2009-04-16,7.53,5.98,NULL,6.85,7.1,NULL
20090429,2009-04-29,7.65,6.48,NULL,7.4,7.43,NULL
20090504,2009-05-04,7.7,6.6,NULL,7.15,7.35,NULL
20090507,2009-05-07,7.73,NULL,NULL,7.2,7.43,NULL
20090508,2009-05-08,7.73,6.6,NULL,7.2,7.43,NULL
20090512,2009-05-12,7.78,6.6,NULL,7.25,7.48,NULL
20090602,2009-06-02,7.85,6.73,NULL,7.28,7.48,NULL
20090610,2009-06-10,7.93,5.85,NULL,7.4,7.63,NULL
20090701,2009-07-01,8.05,5.93,NULL,7.5,7.7,NULL
20090703,2009-07-03,8.08,5.96,NULL,7.53,7.74,NULL
20090715,2009-07-15,8.08,5.96,NULL,7.53,7.74,NULL
20090728,2009-07-28,8.13,6.99,NULL,7.58,7.79,NULL
20090804,2009-08-04,8.2,6.99,NULL,7.65,7.89,NULL
20090805,2009-08-05,8.2,6.99,NULL,7.65,7.89,NULL
20090812,2009-08-12,8.33,7.06,NULL,7.73,7.96,NULL
20090813,2009-08-13,8.55,7.1,NULL,7.93,8.2,NULL
20090825,2009-08-25,8.59,7.18,NULL,7.95,8.22,NULL
20090826,2009-08-26,8.61,7.18,NULL,8.03,8.3,NULL
20090831,2009-08-31,8.61,7.18,NULL,8.03,8.3,NULL
20090903,2009-09-03,8.61,7.18,NULL,8.03,8.3,NULL
20090908,2009-09-08,8.61,7.18,NULL,8.03,8.3,NULL
20090915,2009-09-15,8.64,7.24,NULL,8.07,8.34,NULL
20090916,2009-09-16,8.64,7.24,NULL,8.07,8.34,NULL
20090917,2009-09-17,8.66,7.34,NULL,8.12,8.37,NULL
20090929,2009-09-29,8.66,7.34,NULL,8.12,8.37,NULL
20091027,2009-10-27,8.81,7.59,NULL,8.25,8.49,NULL
20091028,2009-10-28,8.94,7.76,NULL,8.34,8.58,NULL
20091106,2009-11-06,9.06,7.88,NULL,8.43,8.68,NULL
20091123,2009-11-23,9.21,8.1,NULL,8.58,8.8,NULL
20091125,2009-11-25,9.27,8.32,NULL,8.8,8.97,NULL
20091127,2009-11-27,9.37,8.4,NULL,8.8,9,NULL
20091130,2009-11-30,9.37,8.4,NULL,8.8,9,NULL
20091201,2009-12-01,9.84,8.9,NULL,9.27,9.47,NULL
20091202,2009-12-02,10.04,9.15,NULL,9.5,9.65,NULL
20091207,2009-12-07,10.04,9.15,NULL,9.5,9.65,NULL
20091211,2009-12-11,10.02,9.15,NULL,9.5,9.65,NULL
20091217,2009-12-17,10.31,9.6,NULL,9.85,9.98,NULL
20091225,2009-12-25,10.31,9.72,NULL,9.92,10.02,NULL
20100111,2010-01-11,10.32,9.97,NULL,10.1,10.15,NULL
20100317,2010-03-17,10.32,9.97,NULL,10.1,10.15,NULL
20100324,2010-03-24,10.32,10.1,NULL,10.1,10.15,NULL
20100416,2010-04-16,10.57,10.22,NULL,10.4,10.5,NULL
20100420,2010-04-20,11.15,10.96,NULL,11.09,11.17,NULL
20100421,2010-04-21,11.4,11.09,NULL,11.29,11.43,NULL
20100705,2010-07-05,11.33,11.09,NULL,11.26,11.35,NULL
20100707,2010-07-07,11.3,11.09,NULL,11.26,11.28,NULL
20100910,2010-09-10,11.23,11.05,NULL,11.23,11.23,NULL
20101012,2010-10-12,11.23,10.93,NULL,11.23,11.23,NULL
20101019,2010-10-19,11,10.88,NULL,11,11,NULL
20101108,2010-11-08,11.5,11.38,NULL,11.5,11.5,NULL
20101111,2010-11-11,12,12,NULL,12,12,NULL
20101208,2010-12-08,12.38,12.38,NULL,12.38,12.25,NULL
20101209,2010-12-09,12.75,12.75,NULL,12.75,12.63,NULL
20101214,2010-12-14,13.25,13.88,NULL,13.88,13.25,NULL
20101221,2010-12-21,13,13.88,NULL,13.88,12.75,NULL
20101230,2010-12-30,13.13,13.88,NULL,14,12.88,NULL
20110124,2011-01-24,13.38,13.88,NULL,14,13.38,NULL
20110304,2011-03-04,13.88,13.88,NULL,14,13.88,NULL
20110523,2011-05-23,13.88,14,NULL,14,14,NULL
20110602,2011-06-02,14,14,NULL,14,14,NULL
20111003,2011-10-03,14,14,NULL,14,14,NULL
20111124,2011-11-24,14,14,NULL,14,14,NULL
20120313,2012-03-13,13.75,13.75,NULL,14,14,NULL
20120315,2012-03-15,13.25,13.25,NULL,13.33,13.33,NULL
20120320,2012-03-20,13,13,NULL,13,13,NULL
20120412,2012-04-12,12.5,12.5,NULL,12.33,12.33,NULL
20120417,2012-04-17,12.25,12.25,NULL,12,12,NULL
20120516,2012-05-16,12,12,NULL,12,12,NULL
20120528,2012-05-28,11.75,11.75,NULL,11.75,11.75,NULL
20120531,2012-05-31,11,10.75,NULL,11,11,NULL
20120626,2012-06-26,10.5,9,NULL,9,9,NULL
20121211,2012-12-11,10.75,8.75,NULL,9,9,NULL
20121213,2012-12-13,10.55,8.75,NULL,9,9,NULL
20121219,2012-12-19,10.5,8.75,NULL,9,9,NULL
20121224,2012-12-24,10.5,8.5,NULL,8.75,8.75,NULL
20121226,2012-12-26,10.28,8,NULL,8.25,8.25,NULL
20130102,2013-01-02,10.15,7.75,NULL,8,8,NULL
20130108,2013-01-08,10.15,7.75,NULL,8,8,NULL
20130118,2013-01-18,10.15,7.75,NULL,8,8,NULL
20130121,2013-01-21,10.15,7.75,NULL,8,8,NULL
20130123,2013-01-23,10.15,7.75,NULL,8,8,NULL
20130125,2013-01-25,10.15,7.75,NULL,8,8,NULL
20130131,2013-01-31,10.15,7.75,NULL,8,8,NULL
20130207,2013-02-07,10.15,7.75,NULL,8,8,NULL
20130325,2013-03-25,9.75,7.38,NULL,7.88,8,NULL
20130513,2013-05-13,8,6.25,NULL,7.08,7.13,NULL
20130514,2013-05-14,8,6.13,NULL,6.95,7,NULL
20130626,2013-06-26,8.38,6,NULL,7.08,7.13,NULL
20130716,2013-07-16,7.75,5.38,NULL,6.89,6.95,NULL
20130805,2013-08-05,7.63,5.25,NULL,6.89,7,NULL
20130823,2013-08-23,7.75,5.38,NULL,6.95,7,NULL
20130917,2013-09-17,7.75,5.38,NULL,6.83,6.94,NULL
20140207,2014-02-07,7.88,5.88,NULL,6.76,7,NULL
20140328,2014-03-28,7.75,5.83,NULL,6.31,6.75,NULL
20140421,2014-04-21,7.88,5.95,NULL,6.56,6.88,NULL
20140422,2014-04-22,7.45,5.7,NULL,6.19,6.5,NULL
20140630,2014-06-30,7.34,5.31,NULL,5.88,6.25,NULL
20140918,2014-09-18,7.12,4.78,NULL,5.56,5.93,NULL
20140923,2014-09-23,6.87,4.7,NULL,5.5,5.8,NULL
20140924,2014-09-24,6.65,4.7,NULL,5.5,5.8,NULL
20141006,2014-10-06,6.75,4.58,NULL,5.38,5.73,NULL
20141007,2014-10-07,6.78,4.63,NULL,5.38,5.75,NULL
20141028,2014-10-28,6.7,4.4,NULL,5.2,5.58,NULL
20141030,2014-10-30,6.5,4.28,NULL,5,5.45,NULL
20141104,2014-11-04,6.43,4.28,NULL,5,5.45,NULL
20141118,2014-11-18,6.43,4.2,NULL,4.98,5.4,NULL
20141127,2014-11-27,6.33,4.2,NULL,4.98,5.4,NULL
20141203,2014-12-03,6.28,4.2,NULL,4.98,5.4,NULL
20141211,2014-12-11,6.28,4.26,NULL,5.01,5.46,NULL
20141225,2014-12-25,6.2,4.26,NULL,5.01,5.41,NULL
20150303,2015-03-03,6.2,4.25,NULL,4.93,5.35,NULL
20150318,2015-03-18,6.05,3.38,NULL,4.63,5.13,NULL
20150319,2015-03-19,6.2,4.13,NULL,4.78,5.23,NULL
20150325,2015-03-25,6.2,4.13,NULL,4.65,5.23,NULL
20150417,2015-04-17,6.13,4.13,NULL,4.55,5.23,NULL
20150421,2015-04-21,5.85,3.13,NULL,4.65,5.05,NULL
20150513,2015-05-13,6.13,4,NULL,4.55,5.23,NULL
20150601,2015-06-01,6.13,4.13,NULL,4.65,5.23,NULL
20150702,2015-07-02,6,4,NULL,4.5,5.2,NULL
20150708,2015-07-08,6,4.13,NULL,4.63,5.33,NULL
20150826,2015-08-26,6,4.13,NULL,4.65,5.2,NULL
20150908,2015-09-08,6.13,4.13,4.35,4.65,5.24,5.36
20151005,2015-10-05,6.13,4.13,NULL,4.7,5.3,NULL
20151006,2015-10-06,NULL,NULL,4.35,NULL,NULL,5.43
20151027,2015-10-27,6.13,4.13,4.35,4.68,5.28,5.43
20151116,2015-11-16,6.13,4.2,4.48,4.73,5.33,5.48
20151215,2015-12-15,6.13,4.4,4.65,4.8,5.33,5.48
20151223,2015-12-23,6.13,4.4,4.65,4.85,5.33,5.48
20160118,2016-01-18,6.13,4.4,4.65,4.85,5.38,5.5
20160222,2016-02-22,6.13,4.53,4.73,5.1,5.43,5.5
20160321,2016-03-21,6.53,4.53,4.78,5.3,5.63,5.63
20160816,2016-08-16,6.68,4.65,4.9,5.33,5.73,5.73
20160930,2016-09-30,6.68,4.28,4.3,4.8,5.3,5.5
20170315,2017-03-15,6.68,4.3,4.3,4.8,5.3,5.5
20171026,2017-10-26,6.7,4.43,4.43,4.9,5.43,5.63
20171127,2017-11-27,6.7,4.28,4.28,4.78,5.28,5.75
20180123,2018-01-23,6.7,4.25,4.25,4.75,5.25,5.45
20180315,2018-03-15,6.68,4.2,4.2,4.75,5.25,5.45
20180503,2018-05-03,6.7,4.1,4.1,4.75,5.25,5.45
20180529,2018-05-29,6.7,4.1,4.1,4.65,5.15,5.5
20180622,2018-06-22,6.7,4.1,4.1,4.6,5.1,5.5
20180710,2018-07-10,6.7,4.1,4.1,4.6,5.1,5.5
20180711,2018-07-11,6.7,4.1,4.1,4.6,5.1,5.5
20180712,2018-07-12,6.7,4.1,4.1,4.6,5.1,5.5
20180713,2018-07-13,6.68,4.1,4.1,4.6,5.1,5.5
20180716,2018-07-16,6.68,4.1,4.1,4.6,5.1,5.5
20180717,2018-07-17,6.68,4.1,4.1,4.6,5.1,5.5
20180718,2018-07-18,6.68,4.1,4.1,4.6,5.1,5.5
20180719,2018-07-19,6.68,4.1,4.1,4.6,5.1,5.5
20180720,2018-07-20,6.68,4.1,4.1,4.6,5.1,5.5
20180723,2018-07-23,6.68,4.1,4.1,4.6,5.1,5.5
20180724,2018-07-24,6.68,4.1,4.1,4.6,5.1,5.5
20180725,2018-07-25,6.68,4.1,4.1,4.6,5.1,5.5
20180726,2018-07-26,6.68,4.1,4.1,4.6,5.1,5.5
20180727,2018-07-27,6.68,4.1,4.1,4.6,5.1,5.5
20180730,2018-07-30,6.68,4.1,4.1,4.6,5.1,5.5
20180731,2018-07-31,6.68,4.1,4.1,4.6,5.1,5.5
20180801,2018-08-01,6.68,4.1,4.1,4.6,5.1,5.5
20180802,2018-08-02,6.68,4.1,4.1,4.6,5.1,5.5
20180803,2018-08-03,6.68,4.1,4.1,4.6,5.1,5.5
20180806,2018-08-06,6.68,4.1,4.1,4.6,5.1,5.5
20180807,2018-08-07,6.68,4.1,4.1,4.6,5.1,5.5
20180808,2018-08-08,6.68,4.1,4.1,4.6,5.1,5.5
20180809,2018-08-09,6.68,4.1,4.1,4.6,5.1,5.5
20180810,2018-08-10,6.68,4.1,4.1,4.6,5.1,5.5
20180813,2018-08-13,6.68,4.1,4.1,4.6,5.1,5.5
20180814,2018-08-14,6.68,4.1,4.1,4.6,5.1,5.5
20180815,2018-08-15,6.68,4.1,4.1,4.6,5.1,5.5
20180816,2018-08-16,6.68,4.1,4.1,4.6,5.1,5.5
20180817,2018-08-17,6.68,4.1,4.1,4.6,5.1,5.5
20180820,2018-08-20,6.68,4.1,4.1,4.6,5.1,5.5
20180821,2018-08-21,6.68,4.1,4.1,4.6,5.1,5.5
20180822,2018-08-22,6.68,4.1,4.1,4.6,5.1,5.5
20180823,2018-08-23,6.68,4.1,4.1,4.6,5.1,5.5
20180824,2018-08-24,6.68,4.1,4.1,4.6,5.1,5.5
20180827,2018-08-27,6.7,4.15,4.15,4.6,5.15,5.5
20180828,2018-08-28,6.7,4.15,4.15,4.6,5.15,5.5
20180829,2018-08-29,6.7,4.15,4.15,4.6,5.15,5.5
20180830,2018-08-30,6.7,4.15,4.15,4.6,5.15,5.5
20180831,2018-08-31,6.7,4.15,4.15,4.6,5.15,5.5
20180904,2018-09-04,6.7,4.15,4.15,4.6,5.15,5.5
20180905,2018-09-05,6.7,4.15,4.15,4.6,5.15,5.5
20180906,2018-09-06,6.7,4.15,4.15,4.6,5.15,5.5
20180907,2018-09-07,6.7,4.15,4.15,4.6,5.15,5.5
20180910,2018-09-10,6.7,4.15,4.15,4.6,5.15,5.5
20180911,2018-09-11,6.7,4.15,4.15,4.6,5.15,5.5
20180912,2018-09-12,6.7,4.15,4.15,4.6,5.15,5.5
20180913,2018-09-13,6.7,4.15,4.15,4.6,5.15,5.5
20180914,2018-09-14,6.7,4.15,4.15,4.6,5.15,5.5
20180917,2018-09-17,6.7,4.15,4.15,4.6,5.15,5.5
20180918,2018-09-18,6.7,4.15,4.15,4.6,5.15,5.5
20180919,2018-09-19,6.7,4.15,4.15,4.6,5.15,5.5
20180920,2018-09-20,6.7,4.15,4.15,4.6,5.15,5.5
20180921,2018-09-21,6.7,4.15,4.15,4.6,5.15,5.5
20180924,2018-09-24,6.7,4.15,4.15,4.6,5.15,5.5
20180925,2018-09-25,6.7,4.15,4.15,4.6,5.15,5.5
20180926,2018-09-26,6.7,4.15,4.15,4.6,5.15,5.5
20180927,2018-09-27,6.7,4.15,4.15,4.6,5.15,5.5
20180928,2018-09-28,6.7,4.15,4.15,4.6,5.15,5.5
20181001,2018-10-01,6.7,4.15,4.15,4.6,5.15,5.5
20181002,2018-10-02,6.7,4.15,4.15,4.6,5.15,5.5
20181003,2018-10-03,6.7,4.15,4.15,4.6,5.15,5.5
20181004,2018-10-04,6.7,4.15,4.15,4.6,5.15,5.5
20181005,2018-10-05,6.7,4.15,4.15,4.6,5.15,5.5
20181008,2018-10-08,6.7,4.15,4.15,4.6,5.15,5.5
20181009,2018-10-09,6.7,4.15,4.15,4.6,5.15,5.5
20181010,2018-10-10,6.7,4.15,4.15,4.6,5.15,5.5
20181011,2018-10-11,6.7,4.15,4.15,4.6,5.15,5.5
20181012,2018-10-12,6.7,4.15,4.15,4.6,5.15,5.5
20181015,2018-10-15,6.7,4.15,4.15,4.6,5.15,5.5
20181016,2018-10-16,6.7,4.15,4.15,4.6,5.15,5.5
20181017,2018-10-17,6.7,4.15,4.15,4.6,5.15,5.5
20181018,2018-10-18,6.7,4.15,4.15,4.6,5.15,5.5
20181019,2018-10-19,6.7,4.15,4.15,4.6,5.15,5.5
20181022,2018-10-22,6.7,4.15,4.15,4.6,5.15,5.5
20181023,2018-10-23,6.7,4.15,4.15,4.6,5.15,5.5
20181024,2018-10-24,6.7,4.15,4.15,4.6,5.15,5.5
20181025,2018-10-25,6.7,4.15,4.15,4.6,5.15,5.5
20181026,2018-10-26,6.7,4.15,4.15,4.6,5.15,5.5
20181029,2018-10-29,6.7,4.15,4.15,4.6,5.15,5.5
20181030,2018-10-30,6.7,4.15,4.15,4.6,5.15,5.5
20181031,2018-10-31,6.7,4.15,4.15,4.6,5.15,5.5
20181101,2018-11-01,6.7,4.15,4.15,4.6,5.15,5.5
20181102,2018-11-02,6.78,4.48,4.48,4.85,5.5,5.53
20181105,2018-11-05,6.78,4.48,4.48,4.85,5.5,5.53
20181106,2018-11-06,6.78,4.48,4.48,4.85,5.5,5.53
20181107,2018-11-07,6.78,4.48,4.48,4.85,5.5,5.53
20181108,2018-11-08,6.78,4.48,4.48,4.85,5.5,5.53
20181109,2018-11-09,6.78,4.48,4.48,4.85,5.5,5.53
20181112,2018-11-12,6.78,4.48,4.48,4.85,5.5,5.53
20181113,2018-11-13,6.78,4.48,4.48,4.85,5.5,5.53
20181114,2018-11-14,6.78,4.48,4.48,4.85,5.5,5.53
20181115,2018-11-15,6.78,4.48,4.48,4.85,5.5,5.53
20181116,2018-11-16,6.78,4.48,4.48,4.85,5.5,5.53
20181119,2018-11-19,6.78,4.48,4.48,4.85,5.5,5.53
20181120,2018-11-20,6.78,4.48,4.48,4.85,5.5,5.53
20181121,2018-11-21,6.78,4.48,4.48,4.85,5.5,5.53
20181122,2018-11-22,6.78,4.48,4.48,4.85,5.5,5.53
20181123,2018-11-23,6.78,4.48,4.48,4.85,5.5,5.53
20181126,2018-11-26,6.78,4.48,4.48,4.85,5.5,5.53
20181127,2018-11-27,6.78,4.48,4.48,4.85,5.5,5.53
20181128,2018-11-28,6.78,4.48,4.48,4.85,5.5,5.53
20181129,2018-11-29,6.78,4.48,4.48,4.85,5.5,5.53
20181130,2018-11-30,6.78,4.48,4.48,4.85,5.5,5.53
20181203,2018-12-03,6.78,4.48,4.48,4.85,5.5,5.53
20181204,2018-12-04,6.78,4.48,4.48,4.85,5.5,5.53
20181205,2018-12-05,6.78,4.48,4.48,4.85,5.5,5.53
20181206,2018-12-06,6.78,4.48,4.48,4.85,5.5,5.53
20181207,2018-12-07,6.78,4.48,4.48,4.85,5.5,5.53
20181210,2018-12-10,6.78,4.48,4.48,4.85,5.5,5.53
20181211,2018-12-11,6.78,4.48,4.48,4.85,5.5,5.53
20181212,2018-12-12,6.78,4.48,4.48,4.85,5.5,5.53
20181213,2018-12-13,6.78,4.48,4.48,4.85,5.5,5.53
20181214,2018-12-14,6.78,4.48,4.48,4.85,5.5,5.53
20181217,2018-12-17,6.78,4.48,4.48,4.85,5.5,5.53
20181218,2018-12-18,6.78,4.48,4.48,4.85,5.5,5.53
20181219,2018-12-19,6.78,4.48,4.48,4.85,5.5,5.53
20181220,2018-12-20,6.78,4.48,4.48,4.85,5.5,5.53
20181221,2018-12-21,6.78,4.48,4.48,4.85,5.5,5.53
20181224,2018-12-24,6.78,4.48,4.48,4.85,5.5,5.53
20181225,2018-12-25,6.78,4.48,4.48,4.85,5.5,5.53
20181226,2018-12-26,6.78,4.48,4.48,4.85,5.5,5.53
20181227,2018-12-27,6.78,4.48,4.48,4.85,5.5,5.53
20181228,2018-12-28,6.78,4.48,4.48,4.85,5.5,5.53
20190102,2019-01-02,6.78,4.48,4.48,4.85,5.5,5.53
20190103,2019-01-03,6.78,4.48,4.48,4.85,5.5,5.53
20190104,2019-01-04,6.78,4.48,4.48,4.85,5.5,5.53
20190107,2019-01-07,6.78,4.48,4.48,4.85,5.5,5.53
20190108,2019-01-08,6.78,4.48,4.48,4.85,5.5,5.53
20190109,2019-01-09,6.78,4.48,4.48,4.85,5.5,5.53
20190110,2019-01-10,6.78,4.48,4.48,4.85,5.5,5.53
20190111,2019-01-11,6.78,4.48,4.48,4.85,5.5,5.53
20190114,2019-01-14,6.78,4.48,4.48,4.85,5.5,5.53
20190115,2019-01-15,6.78,4.48,4.48,4.85,5.5,5.53
20190116,2019-01-16,6.78,4.48,4.48,4.85,5.5,5.53
20190117,2019-01-17,6.78,4.48,4.48,4.85,5.5,5.53
20190118,2019-01-18,6.78,4.48,4.48,4.85,5.5,5.53
20190121,2019-01-21,6.78,4.48,4.48,4.85,5.5,5.53
20190122,2019-01-22,6.78,4.48,4.48,4.85,5.5,5.53
20190123,2019-01-23,6.78,4.48,4.48,4.85,5.5,5.53
20190124,2019-01-24,6.78,4.48,4.48,4.85,5.5,5.53
20190125,2019-01-25,6.78,4.48,4.48,4.85,5.5,5.53
20190128,2019-01-28,6.78,4.48,4.48,4.85,5.5,5.53
20190129,2019-01-29,6.78,4.48,4.48,4.85,5.5,5.53
20190130,2019-01-30,6.78,4.48,4.48,4.85,5.5,5.53
20190131,2019-01-31,6.78,4.48,4.48,4.85,5.5,5.53
20190201,2019-02-01,6.78,4.48,4.48,4.85,5.5,5.53
20190211,2019-02-11,6.78,4.48,4.48,4.85,5.5,5.53
20190212,2019-02-12,6.78,4.48,4.48,4.85,5.5,5.53
20190213,2019-02-13,6.78,4.48,4.48,4.85,5.5,5.53
20190214,2019-02-14,6.78,4.48,4.48,4.85,5.5,5.53
20190215,2019-02-15,6.78,4.48,4.48,4.85,5.5,5.53
20190218,2019-02-18,6.78,4.48,4.48,4.85,5.5,5.53
20190219,2019-02-19,6.78,4.48,4.48,4.85,5.5,5.53
20190220,2019-02-20,6.78,4.48,4.48,4.85,5.5,5.53
20190221,2019-02-21,6.78,4.48,4.48,4.85,5.5,5.53
20190222,2019-02-22,6.78,4.48,4.48,4.85,5.5,5.53
20190225,2019-02-25,6.78,4.48,4.48,4.85,5.5,5.53
20190226,2019-02-26,6.78,4.48,4.48,4.85,5.5,5.53
20190227,2019-02-27,6.78,4.48,4.48,4.85,5.5,5.53
20190228,2019-02-28,6.78,4.48,4.48,4.85,5.5,5.53
20190301,2019-03-01,6.78,4.48,4.48,4.85,5.5,5.53
20190304,2019-03-04,6.78,4.48,4.48,4.85,5.5,5.53
20190305,2019-03-05,6.78,4.48,4.48,4.85,5.5,5.53
20190306,2019-03-06,6.78,4.48,4.48,4.85,5.5,5.53
20190307,2019-03-07,6.78,4.48,4.48,4.85,5.5,5.53
20190308,2019-03-08,6.78,4.48,4.48,4.85,5.5,5.53
20190311,2019-03-11,6.78,4.48,4.48,4.85,5.5,5.53
20190312,2019-03-12,6.78,4.48,4.48,4.85,5.5,5.53
20190313,2019-03-13,6.78,4.48,4.48,4.85,5.5,5.53
20190314,2019-03-14,6.78,4.48,4.48,4.85,5.5,5.53
20190315,2019-03-15,6.78,4.48,4.48,4.85,5.5,5.53
20190318,2019-03-18,6.78,4.48,4.48,4.85,5.5,5.53
20190319,2019-03-19,6.78,4.48,4.48,4.85,5.5,5.53
20190320,2019-03-20,6.78,4.48,4.48,4.85,5.5,5.53
20190321,2019-03-21,6.78,4.48,4.48,4.85,5.5,5.53
20190322,2019-03-22,6.78,4.48,4.48,4.85,5.5,5.53
20190325,2019-03-25,6.78,4.48,4.48,4.85,5.5,5.53
20190326,2019-03-26,6.78,4.48,4.48,4.85,5.5,5.53
20190327,2019-03-27,6.78,4.48,4.48,4.85,5.5,5.53
20190328,2019-03-28,6.78,4.48,4.48,4.85,5.5,5.53
20190329,2019-03-29,6.78,4.48,4.48,4.85,5.5,5.53
20190401,2019-04-01,6.78,4.48,4.48,4.85,5.5,5.53
20190402,2019-04-02,6.78,4.48,4.48,4.85,5.5,5.53
20190403,2019-04-03,6.78,4.48,4.48,4.85,5.5,5.53
20190404,2019-04-04,6.78,4.48,4.48,4.85,5.5,5.53
20190405,2019-04-05,6.78,4.48,4.48,4.85,5.5,5.53
20190408,2019-04-08,6.78,4.48,4.48,4.85,5.5,5.53
20190409,2019-04-09,6.78,4.48,4.48,4.85,5.5,5.53
20190410,2019-04-10,6.83,4.5,4.5,5,5.5,5.55
20190411,2019-04-11,6.83,4.5,4.5,5,5.5,5.55
20190412,2019-04-12,6.83,4.5,4.5,5,5.5,5.55
20190416,2019-04-16,6.83,4.5,4.5,5,5.5,5.55
20190417,2019-04-17,6.83,4.5,4.5,5,5.5,5.55
20190418,2019-04-18,6.83,4.5,4.5,5,5.5,5.55
20190419,2019-04-19,6.83,4.5,4.5,5,5.5,5.55
20190422,2019-04-22,6.83,4.5,4.5,5,5.5,5.55
20190423,2019-04-23,6.83,4.5,4.5,5,5.5,5.55
20190424,2019-04-24,6.83,4.5,4.5,5,5.5,5.55
20190425,2019-04-25,6.83,4.5,4.5,5,5.5,5.55
20190426,2019-04-26,6.83,4.5,4.5,5,5.5,5.55
20190502,2019-05-02,6.83,4.5,4.5,5,5.5,5.55
20190503,2019-05-03,6.83,4.5,4.5,5,5.5,5.55
20190506,2019-05-06,6.83,4.5,4.5,5,5.5,5.55
20190507,2019-05-07,6.83,4.5,4.5,5,5.5,5.55
20190508,2019-05-08,6.83,4.5,4.5,5,5.5,5.55
20190509,2019-05-09,6.83,4.5,4.5,5,5.5,5.55
20190510,2019-05-10,6.83,4.5,4.5,5,5.5,5.55
20190513,2019-05-13,6.83,4.5,4.5,5,5.5,5.55
20190514,2019-05-14,6.83,4.5,4.5,5,5.5,5.55
20190515,2019-05-15,6.83,4.5,4.5,5,5.5,5.55
20190516,2019-05-16,6.83,4.5,4.5,5,5.5,5.55
20190517,2019-05-17,6.83,4.5,4.5,5,5.5,5.55
20190520,2019-05-20,6.83,4.5,4.5,5,5.5,5.55
20190521,2019-05-21,6.83,4.5,4.5,5,5.5,5.55
20190522,2019-05-22,6.83,4.5,4.5,5,5.5,5.55
20190523,2019-05-23,6.83,4.5,4.5,5,5.5,5.55
20190524,2019-05-24,6.83,4.5,4.5,5,5.5,5.55
20190527,2019-05-27,6.83,4.5,4.5,5,5.5,5.55
20190528,2019-05-28,6.83,4.5,4.5,5,5.5,5.55
20190529,2019-05-29,6.83,4.5,4.5,5,5.5,5.55
20190530,2019-05-30,6.83,4.5,4.5,5,5.5,5.55
20190531,2019-05-31,6.83,4.5,4.5,5,5.5,5.55
20190603,2019-06-03,6.83,4.5,4.5,5,5.5,5.55
20190604,2019-06-04,6.83,4.5,4.5,5,5.5,5.55
20190605,2019-06-05,6.83,4.5,4.5,5,5.5,5.55
20190606,2019-06-06,6.83,4.5,4.5,5,5.5,5.55
20190607,2019-06-07,6.83,4.5,4.5,5,5.5,5.55
20190610,2019-06-10,6.83,4.5,4.5,5,5.5,5.55
20190611,2019-06-11,6.83,4.5,4.5,5,5.5,5.55
20190612,2019-06-12,6.83,4.5,4.5,5,5.5,5.55
20190613,2019-06-13,6.83,4.5,4.5,5,5.5,5.55
20190614,2019-06-14,6.83,4.5,4.5,5,5.5,5.55
20190617,2019-06-17,6.83,4.5,4.5,5,5.5,5.55
20190618,2019-06-18,6.83,4.5,4.5,5,5.5,5.55
20190619,2019-06-19,6.83,4.5,4.5,5,5.5,5.55
20190620,2019-06-20,6.83,4.5,4.5,5,5.5,5.55
20190621,2019-06-21,6.83,4.5,4.5,5,5.5,5.55
20190624,2019-06-24,6.83,4.5,4.5,5,5.5,5.55
20190625,2019-06-25,6.83,4.5,4.5,5,5.5,5.55
20190626,2019-06-26,6.83,4.5,4.5,5,5.5,5.55
20190627,2019-06-27,6.83,4.5,4.5,5,5.5,5.55
20190628,2019-06-28,6.83,4.5,4.5,5,5.5,5.55
20190701,2019-07-01,6.83,4.5,4.5,5,5.5,5.55
20190702,2019-07-02,6.83,4.5,4.5,5,5.5,5.55
20190703,2019-07-03,6.83,4.5,4.5,5,5.5,5.55
20190704,2019-07-04,6.83,4.5,4.5,5,5.5,5.55
20190705,2019-07-05,6.83,4.5,4.5,5,5.5,5.55
20190708,2019-07-08,6.83,4.5,4.5,5,5.5,5.55
20190709,2019-07-09,6.83,4.5,4.5,5,5.5,5.55
20190710,2019-07-10,6.83,4.5,4.5,5,5.5,5.55
20190711,2019-07-11,6.83,4.5,4.5,5,5.5,5.55
20190712,2019-07-12,6.83,4.5,4.5,5,5.5,5.55
20190715,2019-07-15,6.83,4.5,4.5,5,5.5,5.55
20190716,2019-07-16,6.83,4.5,4.5,5,5.5,5.55
20190717,2019-07-17,6.83,4.5,4.5,5,5.5,5.55
20190718,2019-07-18,6.83,4.5,4.5,5,5.5,5.55
20190719,2019-07-19,6.83,4.5,4.5,5,5.5,5.55
20190722,2019-07-22,6.83,4.5,4.5,5,5.5,5.55
20190723,2019-07-23,6.83,4.5,4.5,5,5.5,5.55
20190724,2019-07-24,6.83,4.5,4.5,5,5.5,5.55
20190725,2019-07-25,6.83,4.5,4.5,5,5.5,5.55
20190726,2019-07-26,6.8,4.5,4.5,5,5.5,5.55
20190729,2019-07-29,6.8,4.5,4.5,5,5.5,5.55
20190730,2019-07-30,6.8,4.5,4.5,5,5.5,5.55
20190731,2019-07-31,6.8,4.5,4.5,5,5.5,5.55
20190801,2019-08-01,6.8,4.5,4.5,5,5.5,5.55
20190802,2019-08-02,6.8,4.5,4.5,5,5.5,5.55
20190805,2019-08-05,6.8,4.5,4.5,5,5.5,5.55
20190806,2019-08-06,6.8,4.5,4.5,5,5.5,5.55
20190807,2019-08-07,6.8,4.5,4.5,5,5.5,5.55
20190808,2019-08-08,6.8,4.5,4.5,5,5.5,5.55
20190809,2019-08-09,6.8,4.5,4.5,5,5.5,5.55
20190812,2019-08-12,6.8,4.5,4.5,5,5.5,5.55
20190813,2019-08-13,6.8,4.5,4.5,5,5.5,5.55
20190814,2019-08-14,6.8,4.5,4.5,5,5.5,5.55
20190815,2019-08-15,6.8,4.5,4.5,5,5.5,5.55
20190816,2019-08-16,6.8,4.5,4.5,5,5.5,5.55
20190819,2019-08-19,6.8,4.5,4.5,5,5.5,5.55
20190820,2019-08-20,6.8,4.5,4.5,5,5.5,5.55
20190821,2019-08-21,6.8,4.5,4.5,5,5.5,5.55
20190822,2019-08-22,6.8,4.5,4.5,5,5.5,5.55
20190823,2019-08-23,6.8,4.5,4.5,5,5.5,5.55
20190826,2019-08-26,6.8,4.5,4.5,5,5.5,5.55
20190827,2019-08-27,6.8,4.5,4.5,5,5.5,5.55
20190828,2019-08-28,6.8,4.5,4.5,5,5.5,5.55
20190829,2019-08-29,6.8,4.5,4.5,5,5.5,5.55
20190830,2019-08-30,6.8,4.5,4.5,5,5.5,5.55
20190903,2019-09-03,6.8,4.5,4.5,5,5.5,5.55
20190904,2019-09-04,6.8,4.5,4.5,5,5.5,5.55
20190905,2019-09-05,6.8,4.5,4.5,5,5.5,5.55
20190906,2019-09-06,6.8,4.5,4.5,5,5.5,5.55
20190909,2019-09-09,6.8,4.5,4.5,5,5.5,5.55
20190910,2019-09-10,6.8,4.5,4.5,5,5.5,5.55
20190911,2019-09-11,6.8,4.5,4.5,5,5.5,5.55
20190912,2019-09-12,6.8,4.5,4.5,5,5.5,5.55
20190913,2019-09-13,6.8,4.5,4.5,5,5.5,5.55
20190916,2019-09-16,6.8,4.5,4.5,5,5.5,5.55
20190917,2019-09-17,6.8,4.5,4.5,5,5.5,5.55
20190918,2019-09-18,6.8,4.5,4.5,5,5.5,5.55
20190919,2019-09-19,6.8,4.5,4.5,5,5.5,5.55
20190920,2019-09-20,6.8,4.5,4.5,5,5.5,5.55
20190923,2019-09-23,6.8,4.5,4.5,5,5.5,5.55
20190924,2019-09-24,6.8,4.5,4.5,5,5.5,5.55
20190925,2019-09-25,6.8,4.5,4.5,5,5.5,5.55
20190926,2019-09-26,6.8,4.5,4.5,5,5.5,5.55
20190927,2019-09-27,6.8,4.5,4.5,5,5.5,5.55
20190930,2019-09-30,6.8,4.5,4.5,5,5.5,5.55
20191001,2019-10-01,6.8,4.5,4.5,5,5.5,5.55
20191002,2019-10-02,6.8,4.5,4.5,5,5.5,5.55
20191003,2019-10-03,6.8,4.45,4.45,5,5.5,5.55
20191004,2019-10-04,6.8,4.45,4.45,5,5.5,5.55
20191007,2019-10-07,6.8,4.45,4.45,5,5.5,5.55
20191008,2019-10-08,6.8,4.45,4.45,5,5.5,5.55
20191009,2019-10-09,6.8,4.45,4.45,5,5.5,5.55
20191010,2019-10-10,6.8,4.45,4.45,5,5.5,5.55
20191011,2019-10-11,6.8,4.45,4.45,5,5.5,5.55
20191014,2019-10-14,6.8,4.45,4.45,5,5.5,5.55
20191015,2019-10-15,6.8,4.45,4.45,5,5.5,5.55
20191016,2019-10-16,6.8,4.45,4.45,5,5.5,5.55
20191017,2019-10-17,6.8,4.45,4.45,5,5.5,5.55
20191018,2019-10-18,6.8,4.45,4.45,5,5.5,5.55
20191021,2019-10-21,6.8,4.45,4.45,5,5.5,5.55
20191022,2019-10-22,6.8,4.45,4.45,5,5.5,5.55
20191023,2019-10-23,6.8,4.45,4.45,5,5.5,5.55
20191024,2019-10-24,6.8,4.45,4.45,5,5.5,5.55
20191025,2019-10-25,6.8,4.45,4.45,5,5.5,5.55
20191028,2019-10-28,6.8,4.45,4.45,5,5.5,5.55
20191029,2019-10-29,6.8,4.45,4.45,5,5.5,5.55
20191030,2019-10-30,6.8,4.45,4.45,5,5.5,5.55
20191031,2019-10-31,6.8,4.45,4.45,5,5.5,5.55
20191101,2019-11-01,6.8,4.45,4.45,5,5.5,5.55
20191104,2019-11-04,6.8,4.45,4.45,5,5.5,5.55
20191105,2019-11-05,6.8,4.45,4.45,5,5.5,5.55
20191106,2019-11-06,6.8,4.45,4.45,5,5.5,5.55
20191107,2019-11-07,6.8,4.45,4.45,5,5.5,5.55
20191108,2019-11-08,6.8,4.45,4.45,5,5.5,5.55
20191111,2019-11-11,6.8,4.45,4.45,5,5.5,5.55
20191112,2019-11-12,6.8,4.45,4.45,5,5.5,5.55
20191113,2019-11-13,6.8,4.45,4.45,5,5.5,5.55
20191114,2019-11-14,6.8,4.45,4.45,5,5.5,5.55
20191115,2019-11-15,6.8,4.45,4.45,5,5.5,5.55
20191118,2019-11-18,6.8,4.45,4.45,5,5.5,5.55
20191119,2019-11-19,6.8,4.45,4.45,5,5.5,5.55
20191120,2019-11-20,6.8,4.45,4.45,5,5.5,5.55
20191121,2019-11-21,6.8,4.45,4.45,5,5.5,5.55
20191122,2019-11-22,6.8,4.45,4.45,5,5.5,5.55
20191125,2019-11-25,6.8,4.45,4.45,5,5.5,5.55
20191126,2019-11-26,6.8,4.45,4.45,5,5.5,5.55
20191127,2019-11-27,6.8,4.45,4.45,5,5.5,5.55
20191128,2019-11-28,6.8,4.45,4.45,5,5.5,5.55
20191129,2019-11-29,6.8,4.45,4.45,5,5.5,5.55
20191202,2019-12-02,6.8,4.45,4.45,5,5.5,5.55
20191203,2019-12-03,6.8,4.45,4.45,5,5.5,5.55
20191204,2019-12-04,6.8,4.3,4.3,4.8,5.3,5.33
20191205,2019-12-05,6.8,4.3,4.3,4.8,5.3,5.33
20191206,2019-12-06,6.8,4.3,4.3,4.8,5.3,5.33
20191209,2019-12-09,6.8,4.3,4.3,4.8,5.3,5.33
20191210,2019-12-10,6.8,4.3,4.3,4.8,5.3,5.33
20191211,2019-12-11,6.8,4.3,4.3,4.8,5.3,5.33
20191212,2019-12-12,6.8,4.3,4.3,4.8,5.3,5.33
20191213,2019-12-13,6.8,4.3,4.3,4.8,5.3,5.33
20191216,2019-12-16,6.8,4.3,4.3,4.8,5.3,5.33
20191217,2019-12-17,6.8,4.3,4.3,4.8,5.3,5.33
20191218,2019-12-18,6.8,4.3,4.3,4.8,5.3,5.33
20191219,2019-12-19,6.8,4.3,4.3,4.8,5.3,5.33
20191220,2019-12-20,6.8,4.3,4.3,4.8,5.3,5.33
20191223,2019-12-23,6.8,4.3,4.3,4.8,5.3,5.33
20191224,2019-12-24,6.8,4.3,4.3,4.8,5.3,5.33
20191225,2019-12-25,6.8,4.3,4.3,4.8,5.3,5.33
20191226,2019-12-26,6.8,4.3,4.3,4.8,5.3,5.33
20191227,2019-12-27,6.8,4.3,4.3,4.8,5.3,5.33
20191230,2019-12-30,6.8,4.3,4.3,4.8,5.3,5.33
20191231,2019-12-31,6.8,4.3,4.3,4.8,5.3,5.33
20200102,2020-01-02,6.8,4.3,4.3,4.8,5.3,5.33
20200103,2020-01-03,6.8,4.3,4.3,4.8,5.3,5.33
20200106,2020-01-06,6.8,4.3,4.3,4.8,5.3,5.33
20200107,2020-01-07,6.8,4.3,4.3,4.8,5.3,5.33
20200108,2020-01-08,6.8,4.3,4.3,4.8,5.3,5.33
20200109,2020-01-09,6.8,4.3,4.3,4.8,5.3,5.33
20200110,2020-01-10,6.8,4.3,4.3,4.8,5.3,5.33
20200113,2020-01-13,6.8,4.3,4.3,4.8,5.3,5.33
20200114,2020-01-14,6.8,4.3,4.3,4.8,5.3,5.33
20200115,2020-01-15,6.8,4.3,4.3,4.8,5.3,5.33
20200116,2020-01-16,6.8,4.3,4.3,4.8,5.3,5.33
20200117,2020-01-17,6.8,4.3,4.3,4.8,5.3,5.33
20200120,2020-01-20,6.8,4.3,4.3,4.8,5.3,5.33
20200121,2020-01-21,6.8,4.3,4.3,4.8,5.3,5.33
20200122,2020-01-22,6.8,4.3,4.3,4.8,5.3,5.33
20200130,2020-01-30,6.8,4.3,4.3,4.8,5.3,5.33
20200131,2020-01-31,6.8,4.3,4.3,4.8,5.3,5.33
20200203,2020-02-03,6.8,4.3,4.3,4.8,5.3,5.33
20200204,2020-02-04,6.8,4.3,4.3,4.8,5.3,5.33
20200205,2020-02-05,6.8,4.3,4.3,4.8,5.3,5.33
20200206,2020-02-06,6.8,4.3,4.3,4.8,5.3,5.33
20200207,2020-02-07,6.8,4.3,4.3,4.8,5.3,5.33
20200210,2020-02-10,6.8,4.3,4.3,4.8,5.3,5.33
20200211,2020-02-11,6.8,4.3,4.3,4.8,5.3,5.33
20200212,2020-02-12,6.8,4.3,4.3,4.8,5.3,5.33
20200213,2020-02-13,6.8,4.3,4.3,4.8,5.3,5.33
20200214,2020-02-14,6.8,4.3,4.3,4.8,5.3,5.33
20200217,2020-02-17,6.8,4.3,4.3,4.8,5.3,5.33
20200218,2020-02-18,6.8,4.3,4.3,4.8,5.3,5.33
20200219,2020-02-19,6.8,4.3,4.3,4.8,5.3,5.33
20200220,2020-02-20,6.8,4.3,4.3,4.8,5.3,5.33
20200221,2020-02-21,6.8,4.3,4.3,4.8,5.3,5.33
20200224,2020-02-24,6.8,4.3,4.3,4.8,5.3,5.33
20200225,2020-02-25,6.8,4.3,4.3,4.8,5.3,5.33
20200226,2020-02-26,6.8,4.3,4.3,4.8,5.3,5.33
20200227,2020-02-27,6.8,4.3,4.3,4.8,5.3,5.33
20200228,2020-02-28,6.8,4.3,4.3,4.8,5.3,5.33
20200302,2020-03-02,6.8,4.3,4.3,4.8,5.3,5.33
20200303,2020-03-03,6.8,4.3,4.3,4.8,5.3,5.33
20200304,2020-03-04,6.8,4.3,4.3,4.8,5.3,5.33
20200305,2020-03-05,6.8,4.3,4.3,4.8,5.3,5.33
20200306,2020-03-06,6.8,4.3,4.3,4.8,5.3,5.33
20200309,2020-03-09,6.8,4.3,4.3,4.8,5.3,5.33
20200310,2020-03-10,6.8,4.3,4.3,4.8,5.3,5.33
20200311,2020-03-11,6.8,4.3,4.3,4.8,5.3,5.33
20200312,2020-03-12,6.8,4.3,4.3,4.8,5.3,5.33
20200313,2020-03-13,6.8,4.3,4.3,4.8,5.3,5.33
20200316,2020-03-16,6.8,4.3,4.3,4.8,5.3,5.33
20200317,2020-03-17,6.8,4.3,4.3,4.8,5.3,5.33
20200318,2020-03-18,6.8,4.3,4.3,4.8,5.3,5.33
20200319,2020-03-19,6.8,4.3,4.3,4.8,5.3,5.33
20200320,2020-03-20,6.8,4.3,4.3,4.8,5.3,5.33
20200323,2020-03-23,6.8,4.3,4.3,4.8,5.3,5.33
20200324,2020-03-24,6.8,4.3,4.3,4.8,5.3,5.33
20200325,2020-03-25,6.8,4.3,4.3,4.8,5.3,5.33
20200326,2020-03-26,6.8,4.3,4.3,4.8,5.3,5.33
20200327,2020-03-27,6.8,4.3,4.3,4.8,5.3,5.33
20200330,2020-03-30,6.8,4.3,4.3,4.8,5.3,5.33
20200331,2020-03-31,6.8,4.3,4.3,4.8,5.3,5.33
20200401,2020-04-01,6.8,4.3,4.3,4.8,5.3,5.33
20200403,2020-04-03,6.8,4.3,4.3,4.8,5.3,5.33
20200406,2020-04-06,6.75,4.3,4.3,4.71,5.1,5.13
20200407,2020-04-07,6.75,4.3,4.3,4.71,5.1,5.13
20200408,2020-04-08,6.75,4.3,4.3,4.71,5.1,5.13
20200409,2020-04-09,6.75,4.3,4.3,4.71,5.1,5.13
20200410,2020-04-10,6.75,4.3,4.3,4.71,5.1,5.13
20200413,2020-04-13,6.75,4.3,4.3,4.71,5.1,5.13
20200414,2020-04-14,6.75,4.3,4.3,4.71,5.1,5.13
20200415,2020-04-15,6.75,4.3,4.3,4.71,5.1,5.13
20200416,2020-04-16,6.75,4.3,4.3,4.71,5.1,5.13
20200417,2020-04-17,6.75,4.3,4.3,4.71,5.1,5.13
20200420,2020-04-20,6.75,4.3,4.3,4.71,5.1,5.13
20200421,2020-04-21,6.75,4.3,4.3,4.71,5.1,5.13
20200422,2020-04-22,6.75,4.3,4.3,4.71,5.1,5.13
20200423,2020-04-23,6.75,4.3,4.3,4.71,5.1,5.13
20200424,2020-04-24,6.75,4.3,4.3,4.71,5.1,5.13
20200427,2020-04-27,6.75,4.3,4.3,4.71,5.1,5.13
20200428,2020-04-28,6.75,4.3,4.3,4.71,5.1,5.13
20200429,2020-04-29,6.75,4.3,4.3,4.71,5.1,5.13
20200504,2020-05-04,6.75,4.3,4.3,4.71,5.1,5.13
20200505,2020-05-05,6.75,4.3,4.3,4.71,5.1,5.13
20200506,2020-05-06,6.75,4.3,4.3,4.71,5.1,5.13
20200507,2020-05-07,6.75,4.3,4.3,4.71,5.1,5.13
20200508,2020-05-08,6.75,4.3,4.3,4.71,5.1,5.13
20200511,2020-05-11,6.75,4.3,4.3,4.71,5.1,5.13
20200512,2020-05-12,6.75,4.3,4.3,4.71,5.1,5.13
20200513,2020-05-13,6.75,4.3,4.3,4.71,5.1,5.13
20200514,2020-05-14,6.73,4.03,4.03,4.25,5.05,5.08
20200515,2020-05-15,6.73,4.03,4.03,4.25,5.05,5.08
20200518,2020-05-18,6.73,4.03,4.03,4.25,5.05,5.08
20200519,2020-05-19,6.73,4.03,4.03,4.25,5.05,5.08
20200520,2020-05-20,6.73,4.03,4.03,4.25,5.05,5.08
20200521,2020-05-21,6.73,4.03,4.03,4.25,5.05,5.08
20200522,2020-05-22,6.73,4.03,4.03,4.25,5.05,5.08
20200525,2020-05-25,6.73,4.03,4.03,4.25,5.05,5.08
20200526,2020-05-26,6.73,4.03,4.03,4.25,5.05,5.08
20200527,2020-05-27,6.73,4.03,4.03,4.25,5.05,5.08
20200528,2020-05-28,6.38,4.03,4.03,4.19,4.9,5.05
20200529,2020-05-29,6.38,4.03,4.03,4.19,4.9,5.05
20200601,2020-06-01,6.38,4.03,4.03,4.19,4.9,5.05
20200602,2020-06-02,6.38,4.03,4.03,4.19,4.9,5.05
20200603,2020-06-03,6.38,4.03,4.03,4.19,4.9,5.05
20200604,2020-06-04,6.38,4.03,4.03,4.19,4.9,5.05
20200605,2020-06-05,6.38,4.03,4.03,4.19,4.9,5.05
20200608,2020-06-08,6.38,4.03,4.03,4.19,4.9,5.05
20200609,2020-06-09,6.5,4,4,4.25,4.9,5.05
20200610,2020-06-10,6.5,4,4,4.25,4.9,5.05
20200611,2020-06-11,6.5,4,4,4.25,4.9,5.05
20200612,2020-06-12,6.5,4,4,4.25,4.9,5.05
20200615,2020-06-15,6.5,4,4,4.25,4.9,5.05
20200616,2020-06-16,6.5,4,4,4.25,4.9,5.05
20200617,2020-06-17,6.5,4,4,4.25,4.9,5.05
20200618,2020-06-18,6.5,4,4,4.25,4.9,5.05
20200619,2020-06-19,6.5,4,4,4.25,4.9,5.05
20200622,2020-06-22,6.5,4,4,4.25,4.9,5.05
20200623,2020-06-23,6.5,4,4,4.25,4.9,5.05
20200624,2020-06-24,6.5,4,4,4.25,4.9,5.05
20200625,2020-06-25,6.5,4,4,4.25,4.9,5.05
20200626,2020-06-26,6.5,4,4,4.25,4.9,5.05
20200629,2020-06-29,6.5,4,4,4.25,4.9,5.05
20200630,2020-06-30,6.5,4,4,4.25,4.9,5.05
20200701,2020-07-01,6.5,4,4,4.25,4.9,5.05
20200702,2020-07-02,6.5,4,4,4.25,4.9,5.05
20200703,2020-07-03,6.5,4,4,4.25,4.9,5.05
20200706,2020-07-06,6.5,4,4,4.25,4.9,5.05
20200707,2020-07-07,6.5,4,4,4.25,4.9,5.05
20200708,2020-07-08,6.5,4,4,4.25,4.9,5.05
20200709,2020-07-09,6.5,4,4,4.25,4.9,5.05
20200710,2020-07-10,6.5,4,4,4.25,4.9,5.05
20200713,2020-07-13,6.5,4,4,4.25,4.9,5.05
20200714,2020-07-14,6.5,4,4,4.25,4.9,5.05
20200715,2020-07-15,6.5,4,4,4.25,4.9,5.05
20200716,2020-07-16,6.5,4,4,4.25,4.9,5.05
20200717,2020-07-17,6.5,4,4,4.25,4.9,5.05
20200720,2020-07-20,6.5,4,4,4.25,4.9,5.05
20200721,2020-07-21,6.5,4,4,4.25,4.9,5.05
20200722,2020-07-22,6.5,4,4,4.25,4.9,5.05
20200723,2020-07-23,6.5,4,4,4.25,4.9,5.05
20200724,2020-07-24,6.5,4,4,4.25,4.9,5.05
20200727,2020-07-27,6.5,4,4,4.25,4.9,5.05
20200728,2020-07-28,6.5,4,4,4.25,4.9,5.05
20200729,2020-07-29,6.5,4,4,4.25,4.9,5.05
20200730,2020-07-30,6.5,4,4,4.25,4.9,5.05
20200731,2020-07-31,6.5,4,4,4.25,4.9,5.05
20200803,2020-08-03,6.5,4,4,4.25,4.9,5.05
20200804,2020-08-04,6.5,4,4,4.25,4.9,5.05
20200805,2020-08-05,6.5,4,4,4.25,4.9,5.05
20200806,2020-08-06,6,3.7,3.7,4,4.4,4.6
20200807,2020-08-07,6,3.7,3.7,4,4.4,4.6
20200810,2020-08-10,6,3.7,3.7,4,4.4,4.6
20200811,2020-08-11,6,3.7,3.7,4,4.4,4.6
20200812,2020-08-12,6,3.7,3.7,4,4.4,4.6
20200813,2020-08-13,6,3.7,3.7,4,4.4,4.6
20200814,2020-08-14,6,3.7,3.7,4,4.4,4.6
20200817,2020-08-17,6,3.7,3.7,4,4.4,4.6
20200818,2020-08-18,6,3.7,3.7,4,4.4,4.6
20200819,2020-08-19,6,3.7,3.7,4,4.4,4.6
20200820,2020-08-20,6,3.7,3.7,4,4.4,4.6
20200821,2020-08-21,6,3.7,3.7,4,4.4,4.6
20200824,2020-08-24,6,3.7,3.7,4,4.4,4.6
20200825,2020-08-25,6,3.7,3.7,4,4.4,4.6
20200826,2020-08-26,6,3.7,3.7,4,4.4,4.6
20200827,2020-08-27,6,3.7,3.7,4,4.4,4.6
20200828,2020-08-28,6,3.7,3.7,4,4.4,4.6
20200831,2020-08-31,6,3.7,3.7,4,4.4,4.6
20200901,2020-09-01,6,3.7,3.7,4,4.4,4.6
20200903,2020-09-03,6,3.7,3.7,4,4.4,4.6
20200904,2020-09-04,6,3.7,3.7,4,4.4,4.6
20200907,2020-09-07,6,3.7,3.7,4,4.4,4.6
20200908,2020-09-08,6,3.7,3.7,4,4.4,4.6
20200909,2020-09-09,6,3.7,3.7,4,4.4,4.6
20200910,2020-09-10,6,3.7,3.7,4,4.4,4.6
20200911,2020-09-11,6,3.7,3.7,4,4.4,4.6
20200914,2020-09-14,6,3.7,3.7,4,4.4,4.6
20200915,2020-09-15,6,3.7,3.7,4,4.4,4.6
20200916,2020-09-16,6,3.7,3.7,4,4.4,4.6
20200917,2020-09-17,6,3.7,3.7,4,4.4,4.6
20200918,2020-09-18,6,3.7,3.7,4,4.4,4.6
20200921,2020-09-21,6,3.7,3.7,4,4.4,4.6
20200922,2020-09-22,6,3.7,3.7,4,4.4,4.6
20200923,2020-09-23,6,3.7,3.7,4,4.4,4.6
20200924,2020-09-24,6,3.7,3.7,4,4.4,4.6
20200925,2020-09-25,6,3.7,3.7,4,4.4,4.6
20200928,2020-09-28,6,3.7,3.7,4,4.4,4.6
20200929,2020-09-29,6,3.7,3.7,4,4.4,4.6
20200930,2020-09-30,6,3.7,3.7,4,4.4,4.6
20201001,2020-10-01,6,3.7,3.7,4,4.4,4.6
20201002,2020-10-02,6,3.7,3.7,4,4.4,4.6
20201005,2020-10-05,6,3.7,3.7,4,4.4,4.6
20201006,2020-10-06,6,3.7,3.7,4,4.4,4.6
20201007,2020-10-07,6,3.7,3.7,4,4.4,4.6
20201008,2020-10-08,6,3.7,3.7,4,4.4,4.6
20201009,2020-10-09,6,3.7,3.7,4,4.4,4.6
20201012,2020-10-12,6,3.7,3.7,4,4.4,4.6
20201013,2020-10-13,5.8,3.25,3.25,3.55,4.15,4.18
20201014,2020-10-14,5.8,3.25,3.25,3.55,4.15,4.18
20201015,2020-10-15,5.8,3.25,3.25,3.55,4.15,4.18
20201016,2020-10-16,5.8,3.25,3.25,3.55,4.15,4.18
20201019,2020-10-19,5.8,3.25,3.25,3.55,4.15,4.18
20201020,2020-10-20,5.8,3.25,3.25,3.55,4.15,4.18
20201021,2020-10-21,5.8,3.25,3.25,3.55,4.15,4.18
20201022,2020-10-22,5.8,3.25,3.25,3.55,4.15,4.18
20201023,2020-10-23,5.8,3.25,3.25,3.55,4.15,4.18
20201026,2020-10-26,5.8,3.25,3.25,3.55,4.15,4.18
20201027,2020-10-27,5.8,3.25,3.25,3.55,4.15,4.18
20201028,2020-10-28,5.8,3.25,3.25,3.55,4.15,4.18
20201029,2020-10-29,5.8,3.25,3.25,3.55,4.15,4.18
20201030,2020-10-30,5.8,3.25,3.25,3.55,4.15,4.18
20201102,2020-11-02,5.8,3.25,3.25,3.55,4.15,4.18
20201103,2020-11-03,5.8,3.25,3.25,3.55,4.15,4.18
20201104,2020-11-04,5.8,3.25,3.25,3.55,4.15,4.18
20201105,2020-11-05,5.8,3.25,3.25,3.55,4.15,4.18
20201106,2020-11-06,5.8,3.25,3.25,3.55,4.15,4.18
20201109,2020-11-09,5.8,3.25,3.25,3.55,4.15,4.18
20201110,2020-11-10,5.8,3.25,3.25,3.55,4.15,4.18
20201111,2020-11-11,5.8,3.25,3.25,3.55,4.15,4.18
20201112,2020-11-12,5.8,3.25,3.25,3.55,4.15,4.18
20201113,2020-11-13,5.8,3.25,3.25,3.55,4.15,4.18
20201116,2020-11-16,5.8,3.25,3.25,3.55,4.15,4.18
20201117,2020-11-17,5.8,3.25,3.25,3.55,4.15,4.18
20201118,2020-11-18,5.8,3.25,3.25,3.55,4.15,4.18
20201119,2020-11-19,5.8,3.25,3.25,3.55,4.15,4.18
20201120,2020-11-20,5.8,3.25,3.25,3.55,4.15,4.18
20201123,2020-11-23,5.8,3.25,3.25,3.55,4.15,4.18
20201124,2020-11-24,5.8,3.25,3.25,3.55,4.15,4.18
20201125,2020-11-25,5.8,3.25,3.25,3.55,4.15,4.18
20201126,2020-11-26,5.8,3.25,3.25,3.55,4.15,4.18
20201127,2020-11-27,5.8,3.25,3.25,3.55,4.15,4.18
20201130,2020-11-30,5.8,3.25,3.25,3.55,4.15,4.18
20201201,2020-12-01,5.8,3.25,3.25,3.55,4.15,4.18
20201202,2020-12-02,5.8,3.25,3.25,3.55,4.15,4.18
20201203,2020-12-03,5.8,3.25,3.25,3.55,4.15,4.18
20201204,2020-12-04,5.8,3.25,3.25,3.55,4.15,4.18
20201207,2020-12-07,5.8,3.25,3.25,3.55,4.15,4.18
20201208,2020-12-08,5.8,3.25,3.25,3.55,4.15,4.18
20201209,2020-12-09,5.8,3.25,3.25,3.55,4.15,4.18
20201210,2020-12-10,5.6,3.075,3.075,3.375,3.975,3.975
20201211,2020-12-11,5.6,3.075,3.075,3.375,3.975,3.975
20201214,2020-12-14,5.6,3.075,3.075,3.375,3.975,3.975
20201215,2020-12-15,5.6,3.075,3.075,3.375,3.975,3.975
20201216,2020-12-16,5.6,3.075,3.075,3.375,3.975,3.975
20201217,2020-12-17,5.6,3.075,3.075,3.375,3.975,3.975
20201218,2020-12-18,5.6,3.075,3.075,3.375,3.975,3.975
20201221,2020-12-21,5.6,3.075,3.075,3.375,3.975,3.975
20201222,2020-12-22,5.6,3.075,3.075,3.375,3.975,3.975
20201223,2020-12-23,5.6,3.075,3.075,3.375,3.975,3.975
20201224,2020-12-24,5.6,3.075,3.075,3.375,3.975,3.975
20201225,2020-12-25,5.6,3.075,3.075,3.375,3.975,3.975
20201228,2020-12-28,5.6,3.075,3.075,3.375,3.975,3.975
20201229,2020-12-29,5.6,3.075,3.075,3.375,3.975,3.975
20201230,2020-12-30,5.6,3.075,3.075,3.375,3.975,3.975
20201231,2020-12-31,5.6,3.075,3.075,3.375,3.975,3.975
20210104,2021-01-04,5.6,3.075,3.075,3.375,3.975,3.975
20210105,2021-01-05,5.6,3.075,3.075,3.375,3.975,3.975
20210106,2021-01-06,5.6,3.075,3.075,3.375,3.975,3.975
20210107,2021-01-07,5.6,3.075,3.075,3.375,3.975,3.975
20210108,2021-01-08,5.6,3.075,3.075,3.375,3.975,3.975
20210111,2021-01-11,5.6,3.075,3.075,3.375,3.975,3.975
20210112,2021-01-12,5.6,3.075,3.075,3.375,3.975,3.975
20210113,2021-01-13,5.6,3.075,3.075,3.375,3.975,3.975
20210114,2021-01-14,5.6,3.075,3.075,3.375,3.975,3.975
20210115,2021-01-15,5.6,3.075,3.075,3.375,3.975,3.975
20210118,2021-01-18,5.6,3.075,3.075,3.375,3.975,3.975
20210119,2021-01-19,5.6,3.075,3.075,3.375,3.975,3.975
20210120,2021-01-20,5.6,3.075,3.075,3.375,3.975,3.975
20210121,2021-01-21,5.6,3.075,3.075,3.375,3.975,3.975
20210122,2021-01-22,5.6,3.075,3.075,3.375,3.975,3.975
20210125,2021-01-25,5.6,3.075,3.075,3.375,3.975,3.975
20210126,2021-01-26,5.6,3.075,3.075,3.375,3.975,3.975
20210127,2021-01-27,5.6,3.075,3.075,3.375,3.975,3.975
20210128,2021-01-28,5.6,3.075,3.075,3.375,3.975,3.975
20210129,2021-01-29,5.6,3.075,3.075,3.375,3.975,3.975
20210201,2021-02-01,5.6,3.075,3.075,3.375,3.975,3.975
20210202,2021-02-02,5.6,3.075,3.075,3.375,3.975,3.975
20210203,2021-02-03,5.6,3.075,3.075,3.375,3.975,3.975
20210204,2021-02-04,5.6,3.075,3.075,3.375,3.975,3.975
20210205,2021-02-05,5.6,3.075,3.075,3.375,3.975,3.975
20210208,2021-02-08,5.6,3.075,3.075,3.375,3.975,3.975
20210209,2021-02-09,5.6,3.075,3.075,3.375,3.975,3.975
20210217,2021-02-17,5.6,3.075,3.075,3.375,3.975,3.975
20210218,2021-02-18,5.6,3.075,3.075,3.375,3.975,3.975
20210219,2021-02-19,5.6,3.075,3.075,3.375,3.975,3.975
20210222,2021-02-22,5.6,3.075,3.075,3.375,3.975,3.975
20210223,2021-02-23,5.6,3.075,3.075,3.375,3.975,3.975
20210224,2021-02-24,5.6,3.075,3.075,3.375,3.975,3.975
20210225,2021-02-25,5.6,3.075,3.075,3.375,3.975,3.975
20210226,2021-02-26,5.6,3.075,3.075,3.375,3.975,3.975
20210301,2021-03-01,5.6,3.075,3.075,3.375,3.975,3.975
20210302,2021-03-02,5.6,3.075,3.075,3.375,3.975,3.975
20210303,2021-03-03,5.6,3.075,3.075,3.375,3.975,3.975
20210304,2021-03-04,5.6,3.075,3.075,3.375,3.975,3.975
20210305,2021-03-05,5.6,3.075,3.075,3.375,3.975,3.975
20210308,2021-03-08,5.6,3.075,3.075,3.375,3.975,3.975
20210309,2021-03-09,5.6,3.075,3.075,3.375,3.975,3.975
20210310,2021-03-10,5.6,3.075,3.075,3.375,3.975,3.975
20210311,2021-03-11,5.6,3.075,3.075,3.375,3.975,3.975
20210312,2021-03-12,5.6,3.075,3.075,3.375,3.975,3.975
20210315,2021-03-15,5.6,3.075,3.075,3.375,3.975,3.975
20210316,2021-03-16,5.6,3.075,3.075,3.375,3.975,3.975
20210317,2021-03-17,5.6,3.075,3.075,3.375,3.975,3.975
20210318,2021-03-18,5.6,3.075,3.075,3.375,3.975,3.975
20210319,2021-03-19,5.6,3.075,3.075,3.375,3.975,3.975
20210322,2021-03-22,5.6,3.075,3.075,3.375,3.975,3.975
20210323,2021-03-23,5.6,3.075,3.075,3.375,3.975,3.975
20210324,2021-03-24,5.6,3.075,3.075,3.375,3.975,3.975
20210325,2021-03-25,5.6,3.075,3.075,3.375,3.975,3.975
20210326,2021-03-26,5.6,3.075,3.075,3.375,3.975,3.975
20210329,2021-03-29,5.6,3.075,3.075,3.375,3.975,3.975
20210330,2021-03-30,5.6,3.075,3.075,3.375,3.975,3.975
20210331,2021-03-31,5.6,3.075,3.075,3.375,3.975,3.975
20210401,2021-04-01,5.6,3.075,3.075,3.375,3.975,3.975
20210402,2021-04-02,5.6,3.075,3.075,3.375,3.975,3.975
20210405,2021-04-05,5.6,3.075,3.075,3.375,3.975,3.975
20210406,2021-04-06,5.6,3.075,3.075,3.375,3.975,3.975
20210407,2021-04-07,5.6,3.075,3.075,3.375,3.975,3.975
20210408,2021-04-08,5.6,3.075,3.075,3.375,3.975,3.975
20210409,2021-04-09,5.6,3.075,3.075,3.375,3.975,3.975
20210412,2021-04-12,5.6,3.075,3.075,3.375,3.975,3.975
20210413,2021-04-13,5.6,3.075,3.075,3.375,3.975,3.975
20210414,2021-04-14,5.6,3.075,3.075,3.375,3.975,3.975
20210415,2021-04-15,5.575,3.05,3.05,3.35,3.95,3.95
20210416,2021-04-16,5.575,3.05,3.05,3.35,3.95,3.95
20210419,2021-04-19,5.575,3.05,3.05,3.35,3.95,3.95
20210420,2021-04-20,5.575,3.05,3.05,3.35,3.95,3.95
20210422,2021-04-22,5.575,3.05,3.05,3.35,3.95,3.95
20210423,2021-04-23,5.575,3.05,3.05,3.35,3.95,3.95
20210426,2021-04-26,5.575,3.05,3.05,3.35,3.95,3.95
20210427,2021-04-27,5.575,3.05,3.05,3.35,3.95,3.95
20210428,2021-04-28,5.575,3.05,3.05,3.35,3.95,3.95
20210429,2021-04-29,5.575,3.05,3.05,3.35,3.95,3.95
20210504,2021-05-04,5.575,3.05,3.05,3.35,3.95,3.95
20210505,2021-05-05,5.575,3.05,3.05,3.35,3.95,3.95
20210506,2021-05-06,5.575,3.05,3.05,3.35,3.95,3.95
20210507,2021-05-07,5.575,3.05,3.05,3.35,3.95,3.95
20210510,2021-05-10,5.575,3.05,3.05,3.35,3.95,3.95
20210511,2021-05-11,5.575,3.05,3.05,3.35,3.95,3.95
20210512,2021-05-12,5.575,3.05,3.05,3.35,3.95,3.95
20210513,2021-05-13,5.575,3.05,3.05,3.35,3.95,3.95
20210514,2021-05-14,5.575,3.05,3.05,3.35,3.95,3.95
20210517,2021-05-17,5.575,3.05,3.05,3.35,3.95,3.95
20210518,2021-05-18,5.575,3.05,3.05,3.35,3.95,3.95
20210519,2021-05-19,5.575,3.05,3.05,3.35,3.95,3.95
20210520,2021-05-20,5.575,3.05,3.05,3.35,3.95,3.95
20210521,2021-05-21,5.575,3.05,3.05,3.35,3.95,3.95
20210524,2021-05-24,5.575,3.05,3.05,3.35,3.95,3.95
20210525,2021-05-25,5.575,3.05,3.05,3.35,3.95,3.95
20210526,2021-05-26,5.575,3.05,3.05,3.35,3.95,3.95
20210527,2021-05-27,5.575,3.05,3.05,3.35,3.95,3.95
20210528,2021-05-28,5.575,3.05,3.05,3.35,3.95,3.95
20210531,2021-05-31,5.575,3.05,3.05,3.35,3.95,3.95
20210601,2021-06-01,5.575,3.05,3.05,3.35,3.95,3.95
20210602,2021-06-02,5.575,3.05,3.05,3.35,3.95,3.95
20210603,2021-06-03,5.575,3.05,3.05,3.35,3.95,3.95
20210604,2021-06-04,5.575,3.05,3.05,3.35,3.95,3.95
20210607,2021-06-07,5.575,3.05,3.05,3.35,3.95,3.95
20210608,2021-06-08,5.575,3.05,3.05,3.35,3.95,3.95
20210609,2021-06-09,5.575,3.05,3.05,3.35,3.95,3.95
20210610,2021-06-10,5.575,3.05,3.05,3.35,3.95,3.95
20210611,2021-06-11,5.575,3.05,3.05,3.35,3.95,3.95
20210614,2021-06-14,5.575,3.05,3.05,3.35,3.95,3.95
20210615,2021-06-15,5.575,3.05,3.05,3.35,3.95,3.95
20210616,2021-06-16,5.575,3.05,3.05,3.35,3.95,3.95
20210617,2021-06-17,5.575,3.05,3.05,3.35,3.95,3.95
20210618,2021-06-18,5.575,3.05,3.05,3.35,3.95,3.95
20210621,2021-06-21,5.575,3.05,3.05,3.35,3.95,3.95
20210622,2021-06-22,5.575,3.05,3.05,3.35,3.95,3.95
20210623,2021-06-23,5.575,3.1,3.1,3.4,4,4
20210624,2021-06-24,5.575,3.1,3.1,3.4,4,4
20210625,2021-06-25,5.575,3.1,3.1,3.4,4,4
20210628,2021-06-28,5.575,3.1,3.1,3.4,4,4
20210629,2021-06-29,5.575,3.1,3.1,3.4,4,4
20210630,2021-06-30,5.575,3.1,3.1,3.4,4,4
20210701,2021-07-01,5.575,3.1,3.1,3.4,4,4
20210702,2021-07-02,5.575,3.1,3.1,3.4,4,4
20210705,2021-07-05,5.575,3.1,3.1,3.4,4,4
20210706,2021-07-06,5.575,3.1,3.1,3.4,4,4
20210707,2021-07-07,5.575,3.1,3.1,3.4,4,4
20210708,2021-07-08,5.575,3.1,3.1,3.4,4,4
20210709,2021-07-09,5.575,3.1,3.1,3.4,4,4
20210712,2021-07-12,5.575,3.1,3.1,3.4,4,4
20210713,2021-07-13,5.575,3.1,3.1,3.4,4,4
20210714,2021-07-14,5.575,3.1,3.1,3.4,4,4
20210715,2021-07-15,5.575,3.1,3.1,3.4,4,4
20210716,2021-07-16,5.575,3.1,3.1,3.4,4,4
20210719,2021-07-19,5.575,3.1,3.1,3.4,4,4
20210720,2021-07-20,5.575,3.1,3.1,3.4,4,4
20210721,2021-07-21,5.575,3.1,3.1,3.4,4,4
20210722,2021-07-22,5.575,3.1,3.1,3.4,4,4
20210723,2021-07-23,5.575,3.1,3.1,3.4,4,4
20210726,2021-07-26,5.575,3.1,3.1,3.4,4,4
20210727,2021-07-27,5.575,3.1,3.1,3.4,4,4
20210728,2021-07-28,5.575,3.1,3.1,3.4,4,4
20210729,2021-07-29,5.575,3.1,3.1,3.4,4,4
20210730,2021-07-30,5.575,3.1,3.1,3.4,4,4
20210802,2021-08-02,5.575,3.1,3.1,3.4,4,4
20210803,2021-08-03,5.575,3.1,3.1,3.4,4,4
20210804,2021-08-04,5.575,3.1,3.1,3.4,4,4
20210805,2021-08-05,5.575,3.1,3.1,3.4,4,4
20210806,2021-08-06,5.575,3.1,3.1,3.4,4,4
20210809,2021-08-09,5.575,3.1,3.1,3.4,4,4
20210810,2021-08-10,5.575,3.1,3.1,3.4,4,4
20210811,2021-08-11,5.575,3.1,3.1,3.4,4,4
20210812,2021-08-12,5.575,3.1,3.1,3.4,4,4
20210813,2021-08-13,5.575,3.1,3.1,3.4,4,4
20210816,2021-08-16,5.575,3.1,3.1,3.4,4,4
20210817,2021-08-17,5.575,3.1,3.1,3.4,4,4
20210818,2021-08-18,5.575,3.1,3.1,3.4,4,4
20210819,2021-08-19,5.575,3.1,3.1,3.4,4,4
20210820,2021-08-20,5.575,3.1,3.1,3.4,4,4
20210823,2021-08-23,5.575,3.1,3.1,3.4,4,4
20210824,2021-08-24,5.575,3.1,3.1,3.4,4,4
20210825,2021-08-25,5.575,3.1,3.1,3.4,4,4
20210826,2021-08-26,5.575,3.1,3.1,3.4,4,4
20210827,2021-08-27,5.575,3.1,3.1,3.4,4,4
20210830,2021-08-30,5.575,3.1,3.1,3.4,4,4
20210831,2021-08-31,5.575,3.1,3.1,3.4,4,4
20210901,2021-09-01,5.575,3.1,3.1,3.4,4,4
20210906,2021-09-06,5.575,3.1,3.1,3.4,4,4
20210907,2021-09-07,5.575,3.1,3.1,3.4,4,4
20210908,2021-09-08,5.575,3.1,3.1,3.4,4,4
20210909,2021-09-09,5.575,3.1,3.1,3.4,4,4
20210910,2021-09-10,5.575,3.1,3.1,3.4,4,4
20210913,2021-09-13,5.575,3.1,3.1,3.4,4,4
20210914,2021-09-14,5.575,3.1,3.1,3.4,4,4
20210915,2021-09-15,5.575,3.1,3.1,3.4,4,4
20210916,2021-09-16,5.575,3.1,3.1,3.4,4,4
20210917,2021-09-17,5.575,3.1,3.1,3.4,4,4
20210920,2021-09-20,5.575,3.1,3.1,3.4,4,4
20210921,2021-09-21,5.575,3.1,3.1,3.4,4,4
20210922,2021-09-22,5.575,3.1,3.1,3.4,4,4
20210923,2021-09-23,5.575,3.1,3.1,3.4,4,4
20210924,2021-09-24,5.575,3.1,3.1,3.4,4,4
20210927,2021-09-27,5.575,3.1,3.1,3.4,4,4
20210928,2021-09-28,5.575,3.1,3.1,3.4,4,4
20210929,2021-09-29,5.575,3.1,3.1,3.4,4,4
20210930,2021-09-30,5.575,3.1,3.1,3.4,4,4
20211001,2021-10-01,5.575,3.1,3.1,3.4,4,4
20211004,2021-10-04,5.575,3.1,3.1,3.4,4,4
20211005,2021-10-05,5.575,3.1,3.1,3.4,4,4
20211006,2021-10-06,5.575,3.1,3.1,3.4,4,4
20211007,2021-10-07,5.575,3.1,3.1,3.4,4,4
20211008,2021-10-08,5.575,3.1,3.1,3.4,4,4
20211011,2021-10-11,5.575,3.1,3.1,3.4,4,4
20211012,2021-10-12,5.575,3.1,3.1,3.4,4,4
20211013,2021-10-13,5.575,3.1,3.1,3.4,4,4
20211014,2021-10-14,5.575,3.1,3.1,3.4,4,4
20211015,2021-10-15,5.575,3.1,3.1,3.4,4,4
20211018,2021-10-18,5.575,3.1,3.1,3.4,4,4
20211019,2021-10-19,5.575,3.1,3.1,3.4,4,4
20211020,2021-10-20,5.575,3.1,3.1,3.4,4,4
20211021,2021-10-21,5.575,3.1,3.1,3.4,4,4
20211022,2021-10-22,5.575,3.1,3.1,3.4,4,4
20211025,2021-10-25,5.575,3.1,3.1,3.4,4,4
20211026,2021-10-26,5.575,3.1,3.1,3.4,4,4
20211027,2021-10-27,5.575,3.1,3.1,3.4,4,4
20211028,2021-10-28,5.575,3.1,3.1,3.4,4,4
20211029,2021-10-29,5.575,3.1,3.1,3.4,4,4
20211101,2021-11-01,5.575,3.1,3.1,3.4,4,4
20211102,2021-11-02,5.575,3.1,3.1,3.4,4,4
20211103,2021-11-03,5.575,3.1,3.1,3.4,4,4
20211104,2021-11-04,5.53,3.08,3.08,3.38,4,4
20211105,2021-11-05,5.53,3.08,3.08,3.38,4,4
20211108,2021-11-08,5.53,3.08,3.08,3.38,4,4
20211109,2021-11-09,5.53,3.08,3.08,3.38,4,4
20211110,2021-11-10,5.53,3.08,3.08,3.38,4,4
20211111,2021-11-11,5.53,3.08,3.08,3.38,4,4
20211112,2021-11-12,5.53,3.08,3.08,3.38,4,4
20211115,2021-11-15,5.53,3.08,3.08,3.38,4,4
20211116,2021-11-16,5.53,3.08,3.08,3.38,4,4
20211117,2021-11-17,5.53,3.08,3.08,3.38,4,4
20211118,2021-11-18,5.53,3.08,3.08,3.38,4,4
20211119,2021-11-19,5.53,3.08,3.08,3.38,4,4
20211122,2021-11-22,5.53,3.08,3.08,3.38,4,4
20211123,2021-11-23,5.53,3.08,3.08,3.38,4,4
20211124,2021-11-24,5.53,3.08,3.08,3.38,4,4
20211125,2021-11-25,5.53,3.08,3.08,3.38,4,4
20211126,2021-11-26,5.53,3.08,3.08,3.38,4,4
20211129,2021-11-29,5.53,3.08,3.08,3.38,4,4
20211130,2021-11-30,5.53,3.08,3.08,3.38,4,4
20211201,2021-12-01,5.53,3.08,3.08,3.38,4,4
20211202,2021-12-02,5.53,3.08,3.08,3.38,4,4
20211203,2021-12-03,5.53,3.08,3.08,3.38,4,4
20211206,2021-12-06,5.53,3.08,3.08,3.38,4,4
20211207,2021-12-07,5.53,3.08,3.08,3.38,4,4
20211208,2021-12-08,5.53,3.08,3.08,3.38,4,4
20211209,2021-12-09,5.53,3.08,3.08,3.38,4,4
20211210,2021-12-10,5.53,3.08,3.08,3.38,4,4
20211213,2021-12-13,5.53,3.08,3.08,3.38,4,4
20211214,2021-12-14,5.53,3.08,3.08,3.38,4,4
20211215,2021-12-15,5.53,3.08,3.08,3.38,4,4
20211216,2021-12-16,5.53,3.08,3.08,3.38,4,4
20211217,2021-12-17,5.53,3.08,3.08,3.38,4,4
20211220,2021-12-20,5.53,3.08,3.08,3.38,4,4
20211221,2021-12-21,5.53,3.08,3.08,3.38,4,4
20211222,2021-12-22,5.53,3.08,3.08,3.38,4,4
20211223,2021-12-23,5.53,3.08,3.08,3.38,4,4
20211224,2021-12-24,5.53,3.08,3.08,3.38,4,4
20211227,2021-12-27,5.53,3.08,3.08,3.38,4,4
20211228,2021-12-28,5.53,3.08,3.08,3.38,4,4
20211229,2021-12-29,5.53,3.08,3.08,3.38,4,4
20211230,2021-12-30,5.53,3.08,3.08,3.38,4,4
20211231,2021-12-31,5.53,3.08,3.08,3.38,4,4
20220104,2022-01-04,5.53,3.08,3.08,3.38,4,4
20220105,2022-01-05,5.53,3.08,3.08,3.38,4,4
20220106,2022-01-06,5.53,3.08,3.08,3.38,4,4
20220107,2022-01-07,5.53,3.08,3.08,3.38,4,4
20220110,2022-01-10,5.53,3.08,3.08,3.38,4,4
20220111,2022-01-11,5.53,3.08,3.08,3.38,4,4
20220112,2022-01-12,5.53,3.08,3.08,3.38,4,4
20220113,2022-01-13,5.53,3.08,3.08,3.38,4,4
20220114,2022-01-14,5.53,3.08,3.08,3.38,4,4
20220117,2022-01-17,5.53,3.08,3.08,3.38,4,4
20220118,2022-01-18,5.53,3.08,3.08,3.38,4,4
20220119,2022-01-19,5.53,3.08,3.08,3.38,4,4
20220120,2022-01-20,5.53,3.08,3.08,3.38,4,4
20220121,2022-01-21,5.53,3.08,3.08,3.38,4,4
20220124,2022-01-24,5.53,3.08,3.08,3.38,4,4
20220125,2022-01-25,5.53,3.08,3.08,3.38,4,4
20220126,2022-01-26,5.53,3.08,3.08,3.38,4,4
20220127,2022-01-27,5.53,3.08,3.08,3.38,4,4
20220128,2022-01-28,5.53,3.08,3.08,3.38,4,4
20220207,2022-02-07,5.53,3.08,3.08,3.38,4,4
20220208,2022-02-08,5.53,3.08,3.08,3.38,4,4
20220209,2022-02-09,5.53,3.08,3.08,3.38,4,4
20220210,2022-02-10,5.53,3.08,3.08,3.38,4,4
20220211,2022-02-11,5.53,3.08,3.08,3.38,4,4
20220214,2022-02-14,5.53,3.08,3.08,3.38,4,4
20220215,2022-02-15,5.53,3.08,3.08,3.38,4,4
20220216,2022-02-16,5.53,3.08,3.08,3.38,4,4
20220217,2022-02-17,5.53,3.08,3.08,3.38,4,4
20220218,2022-02-18,5.53,3.08,3.08,3.38,4,4
20220221,2022-02-21,5.53,3.08,3.08,3.38,4,4
20220222,2022-02-22,5.53,3.08,3.08,3.38,4,4
20220223,2022-02-23,5.53,3.08,3.08,3.38,4,4
20220224,2022-02-24,5.53,3.08,3.08,3.38,4,4
20220225,2022-02-25,5.53,3.08,3.08,3.38,4,4
20220228,2022-02-28,5.53,3.08,3.08,3.38,4,4
20220301,2022-03-01,5.53,3.08,3.08,3.38,4,4
20220302,2022-03-02,5.53,3.08,3.08,3.38,4,4
20220303,2022-03-03,5.53,3.08,3.08,3.38,4,4
20220304,2022-03-04,5.53,3.08,3.08,3.38,4,4
20220307,2022-03-07,5.53,3.08,3.08,3.38,4,4
20220308,2022-03-08,5.53,3.08,3.08,3.38,4,4
20220309,2022-03-09,5.53,3.08,3.08,3.38,4,4
20220310,2022-03-10,5.53,3.08,3.08,3.38,4,4
20220311,2022-03-11,5.53,3.08,3.08,3.38,4,4
20220314,2022-03-14,5.53,3.08,3.08,3.38,4,4
20220315,2022-03-15,5.53,3.08,3.08,3.38,4,4
20220316,2022-03-16,5.53,3.08,3.08,3.38,4,4
20220317,2022-03-17,5.53,3.08,3.08,3.38,4,4
20220318,2022-03-18,5.53,3.08,3.08,3.38,4,4
20220321,2022-03-21,5.53,3.08,3.08,3.38,4,4
20220322,2022-03-22,5.53,3.08,3.08,3.38,4,4
20220323,2022-03-23,5.53,3.08,3.08,3.38,4,4
20220324,2022-03-24,5.53,3.08,3.08,3.38,4,4
20220325,2022-03-25,5.53,3.08,3.08,3.38,4,4
20220328,2022-03-28,5.53,3.08,3.08,3.38,4,4
20220329,2022-03-29,5.53,3.08,3.08,3.38,4,4
20220330,2022-03-30,5.53,3.08,3.08,3.38,4,4
20220331,2022-03-31,5.53,3.08,3.08,3.38,4,4
20220401,2022-04-01,5.53,3.08,3.08,3.38,4,4
20220404,2022-04-04,5.53,3.08,3.08,3.38,4,4
20220405,2022-04-05,5.53,3.08,3.08,3.38,4,4
20220406,2022-04-06,5.53,3.08,3.08,3.38,4,4
20220407,2022-04-07,5.53,3.08,3.08,3.38,4,4
20220408,2022-04-08,5.53,3.08,3.08,3.38,4,4
20220412,2022-04-12,5.53,3.08,3.08,3.38,4,4
20220413,2022-04-13,5.53,3.08,3.08,3.38,4,4
20220414,2022-04-14,5.53,3.08,3.08,3.38,4,4
20220415,2022-04-15,5.53,3.08,3.08,3.38,4,4
20220418,2022-04-18,5.53,3.08,3.08,3.38,4,4
20220419,2022-04-19,5.53,3.08,3.08,3.38,4,4
20220420,2022-04-20,5.53,3.08,3.08,3.38,4,4
20220421,2022-04-21,5.53,3.08,3.08,3.38,4,4
20220422,2022-04-22,5.53,3.08,3.08,3.38,4,4
20220425,2022-04-25,5.53,3.08,3.08,3.38,4,4
20220426,2022-04-26,5.53,3.08,3.08,3.38,4,4
20220427,2022-04-27,5.53,3.08,3.08,3.38,4,4
20220428,2022-04-28,5.53,3.08,3.08,3.38,4,4
20220429,2022-04-29,5.53,3.08,3.08,3.38,4,4
20220504,2022-05-04,5.53,3.08,3.08,3.38,4,4
20220505,2022-05-05,5.53,3.08,3.08,3.38,4,4
20220506,2022-05-06,5.53,3.08,3.08,3.38,4,4
20220509,2022-05-09,5.53,3.08,3.08,3.38,4,4
20220510,2022-05-10,5.53,3.08,3.08,3.38,4,4
20220511,2022-05-11,5.53,3.08,3.08,3.38,4,4
20220512,2022-05-12,5.53,3.08,3.08,3.38,4,4
20220513,2022-05-13,5.53,3.08,3.08,3.38,4,4
20220516,2022-05-16,5.53,3.08,3.08,3.38,4,4
20220517,2022-05-17,5.53,3.08,3.08,3.38,4,4
20220518,2022-05-18,5.53,3.08,3.08,3.38,4,4
20220519,2022-05-19,5.53,3.08,3.08,3.38,4,4
20220520,2022-05-20,5.53,3.08,3.08,3.38,4,4
20220523,2022-05-23,5.53,3.08,3.08,3.38,4,4
20220526,2022-05-26,5.53,3.08,3.08,3.38,4,4
20220527,2022-05-27,5.53,3.08,3.08,3.38,4,4
20220530,2022-05-30,5.53,3.08,3.08,3.38,4,4
20220601,2022-06-01,5.53,3.08,3.08,3.38,4,4
20220602,2022-06-02,5.53,3.08,3.08,3.38,4,4
20220603,2022-06-03,5.53,3.08,3.08,3.38,4,4
20220606,2022-06-06,5.53,3.08,3.08,3.38,4,4
20220607,2022-06-07,5.53,3.08,3.08,3.38,4,4
20220608,2022-06-08,5.53,3.08,3.08,3.38,4,4
20220609,2022-06-09,5.53,3.08,3.08,3.38,4,4
20220610,2022-06-10,5.53,3.08,3.08,3.38,4,4
20220617,2022-06-17,5.53,3.08,3.08,3.38,4,4
20220620,2022-06-20,5.53,3.08,3.08,3.38,4,4
20220621,2022-06-21,5.53,3.08,3.08,3.38,4,4
20220628,2022-06-28,5.53,3.08,3.08,3.38,4,4
20220705,2022-07-05,5.53,3.08,3.08,3.38,4,4
20220708,2022-07-08,5.53,3.08,3.08,3.38,4,4
20220711,2022-07-11,5.53,3.08,3.08,3.38,4,4
20220712,2022-07-12,5.53,3.08,3.08,3.38,4,4
20220713,2022-07-13,5.53,3.08,3.08,3.38,4,4
20220719,2022-07-19,5.53,3.08,3.08,3.38,4,4
20220819,2022-08-19,5.53,3.08,3.08,3.38,4,4
20220822,2022-08-22,5.53,3.08,3.08,3.38,4,4
20220824,2022-08-24,5.53,3.08,3.08,3.38,4,4
20220825,2022-08-25,5.53,3.08,3.08,3.38,4,4
20220826,2022-08-26,5.53,3.08,3.08,3.38,4,4
20220829,2022-08-29,5.53,3.08,3.08,3.38,4,4
20220831,2022-08-31,5.53,3.08,3.08,3.38,4,4
20220905,2022-09-05,5.53,3.08,3.08,3.38,4,4
20220906,2022-09-06,5.53,3.08,3.08,3.38,4,4
20220907,2022-09-07,5.53,3.08,3.08,3.38,4,4
20220908,2022-09-08,5.53,3.08,3.08,3.38,4,4
20220909,2022-09-09,5.53,3.08,3.08,3.38,4,4
20220912,2022-09-12,5.53,3.08,3.08,3.38,4,4
20220913,2022-09-13,5.53,3.08,3.08,3.38,4,4
20220914,2022-09-14,5.53,3.08,3.08,3.38,4,4
20220915,2022-09-15,5.53,3.08,3.08,3.38,4,4
20220916,2022-09-16,5.53,3.08,3.08,3.38,4,4
20220919,2022-09-19,5.53,3.08,3.08,3.38,4,4
20220920,2022-09-20,5.53,3.08,3.08,3.38,4,4
20220921,2022-09-21,5.53,3.08,3.08,3.38,4,4
20220922,2022-09-22,5.53,3.08,3.08,3.38,4,4
20220923,2022-09-23,5.53,3.08,3.08,3.38,4,4
20220926,2022-09-26,5.53,3.08,3.08,3.38,4,4
20220927,2022-09-27,5.53,3.08,3.08,3.38,4,4
20220928,2022-09-28,5.53,3.08,3.08,3.38,4,4
20220930,2022-09-30,5.75,3.325,3.325,3.625,4.2,4.2
20221003,2022-10-03,5.75,3.325,3.325,3.625,4.2,4.2
20221004,2022-10-04,5.75,3.325,3.325,3.625,4.2,4.2
20221005,2022-10-05,6.4,4.1,4.1,4.4,4.725,4.8
20221006,2022-10-06,6.4,4.1,4.1,4.4,4.725,4.8
20221007,2022-10-07,6.4,4.1,4.1,4.4,4.725,4.8
20221010,2022-10-10,6.4,4.1,4.1,4.4,4.725,4.8
20221011,2022-10-11,6.4,4.1,4.1,4.4,4.725,4.8
20221012,2022-10-12,6.4,4.1,4.1,4.4,4.725,4.8
20221013,2022-10-13,6.4,4.1,4.1,4.4,4.725,4.8
20221014,2022-10-14,6.4,4.1,4.1,4.4,4.725,4.8
20221017,2022-10-17,6.4,4.1,4.1,4.4,4.725,4.8
20221018,2022-10-18,6.4,4.1,4.1,4.4,4.725,4.8
20221019,2022-10-19,6.4,4.1,4.1,4.4,4.725,4.8
20221020,2022-10-20,6.4,4.1,4.1,4.4,4.725,4.8
20221021,2022-10-21,6.4,4.1,4.1,4.4,4.725,4.8
20221024,2022-10-24,6.4,4.1,4.1,4.4,4.725,4.8
20221025,2022-10-25,6.4,4.1,4.1,4.4,4.725,4.8
20221026,2022-10-26,6.4,4.1,4.1,4.4,4.725,4.8
20221027,2022-10-27,6.4,4.1,4.1,4.4,4.725,4.8
20221028,2022-10-28,7.4,4.9,4.9,5.4,6.025,6.05
20221031,2022-10-31,7.4,4.9,4.9,5.4,6.025,6.05
20221101,2022-11-01,7.4,4.9,4.9,5.4,6.025,6.05
20221102,2022-11-02,7.4,4.9,4.9,5.4,6.025,6.05
20221103,2022-11-03,7.4,4.9,4.9,5.4,6.025,6.05
20221104,2022-11-04,7.4,4.9,4.9,5.4,6.025,6.05
20221107,2022-11-07,7.4,4.9,4.9,5.4,6.025,6.05
20221108,2022-11-08,7.4,4.9,4.9,5.4,6.025,6.05
20221109,2022-11-09,7.4,4.9,4.9,5.4,6.025,6.05
20221110,2022-11-10,7.4,4.9,4.9,5.4,6.025,6.05
20221111,2022-11-11,7.4,4.9,4.9,5.4,6.025,6.05
20221114,2022-11-14,7.4,4.9,4.9,5.4,6.025,6.05
20221115,2022-11-15,7.4,4.9,4.9,5.4,6.025,6.05
20221116,2022-11-16,7.4,4.9,4.9,5.4,6.025,6.05
20221117,2022-11-17,7.4,4.9,4.9,5.4,6.025,6.05
20221118,2022-11-18,7.4,4.9,4.9,5.4,6.025,6.05
20221121,2022-11-21,7.4,4.9,4.9,5.4,6.025,6.05
20221122,2022-11-22,7.4,4.9,4.9,5.4,6.025,6.05
20221123,2022-11-23,7.4,4.9,4.9,5.4,6.025,6.05
20221124,2022-11-24,7.4,4.9,4.9,5.4,6.025,6.05
20221125,2022-11-25,7.4,4.9,4.9,5.4,6.025,6.05
20221128,2022-11-28,7.4,4.9,4.9,5.4,6.025,6.05
20221129,2022-11-29,7.4,4.9,4.9,5.4,6.025,6.05
20221130,2022-11-30,7.4,4.9,4.9,5.4,6.025,6.05
20221201,2022-12-01,7.4,4.9,4.9,5.4,6.025,6.05
20221202,2022-12-02,7.4,4.9,4.9,5.4,6.025,6.05
20221205,2022-12-05,7.4,4.9,4.9,5.4,6.025,6.05
20221206,2022-12-06,7.4,4.9,4.9,5.4,6.025,6.05
20221207,2022-12-07,7.4,4.9,4.9,5.4,6.025,6.05
20221208,2022-12-08,7.4,4.9,4.9,5.4,6.025,6.05
20221209,2022-12-09,7.4,4.9,4.9,5.4,6.025,6.05
20221212,2022-12-12,7.4,4.9,4.9,5.4,6.025,6.05
20221213,2022-12-13,7.4,4.9,4.9,5.4,6.025,6.05
20221214,2022-12-14,7.4,4.9,4.9,5.4,6.025,6.05
20221215,2022-12-15,7.4,4.9,4.9,5.4,6.025,6.05
20221216,2022-12-16,7.4,4.9,4.9,5.4,6.025,6.05
20221219,2022-12-19,7.4,4.9,4.9,5.4,6.025,6.05
20221220,2022-12-20,7.4,4.9,4.9,5.4,6.025,6.05
20221221,2022-12-21,7.4,4.9,4.9,5.4,6.025,6.05
20221222,2022-12-22,7.4,4.9,4.9,5.4,6.025,6.05
20221223,2022-12-23,7.4,4.9,4.9,5.4,6.025,6.05
20221226,2022-12-26,7.4,4.9,4.9,5.4,6.025,6.05
20221227,2022-12-27,7.4,4.9,4.9,5.4,6.025,6.05
20221228,2022-12-28,7.4,4.9,4.9,5.4,6.025,6.05
20221229,2022-12-29,7.4,4.9,4.9,5.4,6.025,6.05
20221230,2022-12-30,7.4,4.9,4.9,5.4,6.025,6.05
20230103,2023-01-03,7.4,4.9,4.9,5.4,6.025,6.05
20230104,2023-01-04,7.4,4.9,4.9,5.4,6.025,6.05
20230105,2023-01-05,7.4,4.9,4.9,5.4,6.025,6.05
20230106,2023-01-06,7.4,4.9,4.9,5.4,6.025,6.05
20230109,2023-01-09,7.4,4.9,4.9,5.4,6.025,6.05
20230110,2023-01-10,7.4,4.9,4.9,5.4,6.025,6.05
20230111,2023-01-11,7.4,4.9,4.9,5.4,6.025,6.05
20230112,2023-01-12,7.4,4.9,4.9,5.4,6.025,6.05
20230113,2023-01-13,7.4,4.9,4.9,5.4,6.025,6.05
20230116,2023-01-16,7.4,4.9,4.9,5.4,6.025,6.05
20230117,2023-01-17,7.4,4.9,4.9,5.4,6.025,6.05
20230118,2023-01-18,7.4,4.9,4.9,5.4,6.025,6.05
20230119,2023-01-19,7.4,4.9,4.9,5.4,6.025,6.05
20230127,2023-01-27,7.4,4.9,4.9,5.4,6.025,6.05
20230130,2023-01-30,7.4,4.9,4.9,5.4,6.025,6.05
20230131,2023-01-31,7.4,4.9,4.9,5.4,6.025,6.05
20230201,2023-02-01,7.4,4.9,4.9,5.4,6.025,6.05
20230202,2023-02-02,7.4,4.9,4.9,5.4,6.025,6.05
20230203,2023-02-03,7.4,4.9,4.9,5.4,6.025,6.05
20230206,2023-02-06,7.4,4.9,4.9,5.4,6.025,6.05
20230207,2023-02-07,7.4,4.9,4.9,5.4,6.025,6.05
20230208,2023-02-08,7.4,4.9,4.9,5.4,6.025,6.05
20230209,2023-02-09,7.4,4.9,4.9,5.4,6.025,6.05
20230210,2023-02-10,7.4,4.9,4.9,5.4,6.025,6.05
20230213,2023-02-13,7.4,4.9,4.9,5.4,6.025,6.05
20230214,2023-02-14,7.4,4.9,4.9,5.4,6.025,6.05
20230215,2023-02-15,7.4,4.9,4.9,5.4,6.025,6.05
20230216,2023-02-16,7.4,4.9,4.9,5.4,6.025,6.05
20230217,2023-02-17,7.4,4.9,4.9,5.4,6.025,6.05
20230220,2023-02-20,7.4,4.9,4.9,5.4,6.025,6.05
20230221,2023-02-21,7.4,4.9,4.9,5.4,6.025,6.05
20230222,2023-02-22,7.4,4.9,4.9,5.4,6.025,6.05
20230223,2023-02-23,7.4,4.9,4.9,5.4,6.025,6.05
20230224,2023-02-24,7.4,4.9,4.9,5.4,6.025,6.05
20230227,2023-02-27,7.4,4.9,4.9,5.4,6.025,6.05
20230228,2023-02-28,7.4,4.9,4.9,5.4,6.025,6.05
20230301,2023-03-01,7.4,4.9,4.9,5.4,6.025,6.05
20230302,2023-03-02,7.4,4.9,4.9,5.4,6.025,6.05
20230303,2023-03-03,7.4,4.9,4.9,5.4,6.025,6.05
20230306,2023-03-06,7.4,4.9,4.9,5.4,6.025,6.05
20230307,2023-03-07,7.4,4.9,4.9,5.4,6.025,6.05
20230308,2023-03-08,7.4,4.9,4.9,5.4,6.025,6.05
20230309,2023-03-09,7.4,4.9,4.9,5.4,6.025,6.05
20230310,2023-03-10,7.4,4.9,4.9,5.4,6.025,6.05
20230313,2023-03-13,7.4,4.9,4.9,5.4,6.025,6.05
20230314,2023-03-14,7.4,4.9,4.9,5.4,6.025,6.05
20230315,2023-03-15,7.4,4.9,4.9,5.4,6.025,6.05
20230316,2023-03-16,7.4,4.9,4.9,5.4,6.025,6.05
20230317,2023-03-17,7.4,4.9,4.9,5.4,6.025,6.05
20230320,2023-03-20,7.4,4.9,4.9,5.4,6.025,6.05
20230321,2023-03-21,7.4,4.9,4.9,5.4,6.025,6.05
20230322,2023-03-22,7.4,4.9,4.9,5.4,6.025,6.05
20230323,2023-03-23,7.4,4.9,4.9,5.4,6.025,6.05
20230324,2023-03-24,7.4,4.9,4.9,5.4,6.025,6.05
20230327,2023-03-27,7.4,4.9,4.9,5.4,6.025,6.05
20230328,2023-03-28,7.4,4.9,4.9,5.4,6.025,6.05
20230329,2023-03-29,7.4,4.9,4.9,5.4,6.025,6.05
20230330,2023-03-30,7.4,4.9,4.9,5.4,6.025,6.05
20230331,2023-03-31,7.4,4.9,4.9,5.4,6.025,6.05
20230403,2023-04-03,7.4,4.9,4.9,5.4,6.025,6.05
20230404,2023-04-04,7.4,4.9,4.9,5.4,6.025,6.05
20230405,2023-04-05,7.4,4.9,4.9,5.4,6.025,6.05
20230406,2023-04-06,7.4,4.9,4.9,5.4,6.025,6.05
20230407,2023-04-07,7.4,4.9,4.9,5.4,6.025,6.05
20230410,2023-04-10,7.4,4.9,4.9,5.4,6.025,6.05
20230411,2023-04-11,7.4,4.9,4.9,5.4,6.025,6.05
20230412,2023-04-12,7.4,4.9,4.9,5.4,6.025,6.05
20230413,2023-04-13,7.4,4.9,4.9,5.4,6.025,6.05
20230414,2023-04-14,7.4,4.9,4.9,5.4,6.025,6.05
20230417,2023-04-17,7.4,4.9,4.9,5.4,6.025,6.05
20230418,2023-04-18,7.4,4.9,4.9,5.4,6.025,6.05
20230419,2023-04-19,7.4,4.9,4.9,5.4,6.025,6.05
20230420,2023-04-20,7.4,4.9,4.9,5.4,6.025,6.05
20230421,2023-04-21,7.4,4.9,4.9,5.4,6.025,6.05
20230424,2023-04-24,7.4,4.9,4.9,5.4,6.025,6.05
20230425,2023-04-25,7.4,4.9,4.9,5.4,6.025,6.05
20230426,2023-04-26,7.4,4.9,4.9,5.4,6.025,6.05
20230427,2023-04-27,7.4,4.9,4.9,5.4,6.025,6.05
20230428,2023-04-28,7.4,4.9,4.9,5.4,6.025,6.05
20230504,2023-05-04,7.4,4.9,4.9,5.4,6.025,6.05
20230505,2023-05-05,7.4,4.9,4.9,5.4,6.025,6.05
20230508,2023-05-08,7.4,4.9,4.9,5.4,6.025,6.05
20230509,2023-05-09,7.4,4.9,4.9,5.4,6.025,6.05
20230510,2023-05-10,7.4,4.9,4.9,5.4,6.025,6.05
20230511,2023-05-11,7.4,4.9,4.9,5.4,6.025,6.05
20230512,2023-05-12,7.4,4.9,4.9,5.4,6.025,6.05
20230515,2023-05-15,7.4,4.9,4.9,5.4,6.025,6.05
20230516,2023-05-16,7.4,4.9,4.9,5.4,6.025,6.05
20230517,2023-05-17,7.4,4.9,4.9,5.4,6.025,6.05
20230518,2023-05-18,7.2,4.6,4.6,5.1,5.8,5.83
20230519,2023-05-19,7.2,4.6,4.6,5.1,5.8,5.8
20230522,2023-05-22,7.2,4.6,4.6,5.1,5.8,5.83
20230523,2023-05-23,7.2,4.6,4.6,5.1,5.8,5.83
20230524,2023-05-24,7.2,4.6,4.6,5.1,5.8,5.83
20230525,2023-05-25,7.2,4.6,4.6,5.1,5.8,5.83
20230526,2023-05-26,6.8,4.1,4.1,4.6,5.5,5.5
20230529,2023-05-29,6.8,4.1,4.1,4.6,5.5,5.5
20230530,2023-05-30,6.8,4.1,4.1,4.6,5.5,5.5
20230531,2023-05-31,6.8,4.1,4.1,4.6,5.5,5.5
20230601,2023-06-01,6.8,4.1,4.1,4.6,5.5,5.5
20230602,2023-06-02,6.8,4.1,4.1,4.6,5.5,5.5
20230605,2023-06-05,6.8,4.1,4.1,4.6,5.5,5.5
20230606,2023-06-06,6.8,4.1,4.1,4.6,5.5,5.5
20230607,2023-06-07,6.8,4.1,4.1,4.6,5.5,5.5
20230608,2023-06-08,6.8,4.1,4.1,4.6,5.5,5.5
20230609,2023-06-09,6.8,4.1,4.1,4.6,5.5,5.5
20230612,2023-06-12,6.8,4.1,4.1,4.6,5.5,5.5
20230613,2023-06-13,6.8,4.1,4.1,4.6,5.5,5.5
20230614,2023-06-14,6.8,4.1,4.1,4.6,5.5,5.5
20230615,2023-06-15,6.8,4.1,4.1,4.6,5.5,5.5
20230616,2023-06-16,6.8,4.1,4.1,4.6,5.5,5.5
20230619,2023-06-19,6.8,4.1,4.1,4.6,5.5,5.5
20230620,2023-06-20,6.8,4.1,4.1,4.6,5.5,5.5
20230621,2023-06-21,6.8,4.1,4.1,4.6,5.5,5.5
20230622,2023-06-22,6.8,4.1,4.1,4.6,5.5,5.5
20230623,2023-06-23,6.8,4.1,4.1,4.6,5.5,5.5
20230626,2023-06-26,6.8,4.1,4.1,4.6,5.5,5.5
20230627,2023-06-27,6.8,4.1,4.1,4.6,5.5,5.5
20230628,2023-06-28,6.8,4.1,4.1,4.6,5.5,5.5
20230629,2023-06-29,6.8,4.1,4.1,4.6,5.5,5.5
20230630,2023-06-30,6.8,4.1,4.1,4.6,5.5,5.5
20230703,2023-07-03,6.8,4.1,4.1,4.6,5.5,5.5
20230704,2023-07-04,6.3,3.4,3.4,4.33,5,5.33
20230705,2023-07-05,6.3,3.4,3.4,4.33,5,5.33
20230706,2023-07-06,6.3,3.4,3.4,4.33,5,5.33
20230707,2023-07-07,6.3,3.4,3.4,4.1,5,5
20230710,2023-07-10,6.3,3.4,3.4,4.1,5,5
20230711,2023-07-11,6.3,3.4,3.4,4.1,5,5
20230712,2023-07-12,6.3,3.4,3.4,4.1,5,5
20230713,2023-07-13,6.3,3.4,3.4,4.1,5,5
20230714,2023-07-14,6.3,3.4,3.4,4.1,5,5
20230717,2023-07-17,6.3,3.4,3.4,4.1,5,5
20230718,2023-07-18,6.3,3.4,3.4,4.1,5,5
20230719,2023-07-19,6.3,3.4,3.4,4.1,5,5
20230720,2023-07-20,6.3,3.4,3.4,4.1,5,5
20230721,2023-07-21,6.3,3.4,3.4,4.1,5,5
20230724,2023-07-24,6.3,3.4,3.4,4.1,5,5
20230725,2023-07-25,6.3,3.4,3.4,4.1,5,5
20230726,2023-07-26,6.3,3.4,3.4,4.1,5,5
20230727,2023-07-27,6.3,3.3,3.3,4.1,5,5
20230728,2023-07-28,6.3,3.3,3.3,4.1,5,5
20230731,2023-07-31,6.3,3.3,3.3,4.1,5,5
20230801,2023-08-01,6.3,3.3,3.3,4.1,5,5
20230802,2023-08-02,6.3,3.3,3.3,4.1,5,5
20230803,2023-08-03,6.3,3.3,3.3,4.1,5,5
20230804,2023-08-04,6.3,3.3,3.3,4.1,5,5
20230807,2023-08-07,6.3,3.3,3.3,4.1,5,5
20230808,2023-08-08,6.3,3.3,3.3,4.1,5,5
20230809,2023-08-09,6.3,3.3,3.3,4.1,5,5
20230810,2023-08-10,6.3,3.3,3.3,4.1,5,5
20230811,2023-08-11,6.3,3.3,3.3,4.1,5,5
20230814,2023-08-14,6.3,3.3,3.3,4.1,5,5
20230815,2023-08-15,6.3,3.3,3.3,4.1,5,5
20230816,2023-08-16,6.3,3.3,3.3,4.1,5,5
20230817,2023-08-17,6.3,3.3,3.3,4.1,5,5
20230818,2023-08-18,6.3,3.3,3.3,4.1,5,5
20230821,2023-08-21,6.3,3.3,3.3,4.1,5,5
20230822,2023-08-22,6.3,3.3,3.3,4.1,5,5
20230823,2023-08-23,5.8,3,3,3.8,4.7,4.7
20230824,2023-08-24,5.8,3,3,3.8,4.7,4.7
20230825,2023-08-25,5.8,3,3,3.8,4.7,4.7
20230828,2023-08-28,5.8,3,3,3.8,4.7,4.7
20230829,2023-08-29,5.8,3,3,3.8,4.7,4.7
20230830,2023-08-30,5.8,3,3,3.8,4.7,4.7
20230831,2023-08-31,5.8,3,3,3.8,4.7,4.7
20230901,2023-09-01,5.8,3,3,3.8,4.7,4.7
20230904,2023-09-04,5.8,3,3,3.8,4.7,4.7
20230905,2023-09-05,5.8,3,3,3.8,4.7,4.7
20230906,2023-09-06,5.8,3,3,3.8,4.7,4.7
20230907,2023-09-07,5.8,3,3,3.8,4.7,4.7
20230908,2023-09-08,5.8,3,3,3.8,4.7,4.7
20230911,2023-09-11,5.8,3,3,3.8,4.7,4.7
20230912,2023-09-12,5.8,3,3,3.8,4.7,4.7
20230913,2023-09-13,5.73,3,3,3.73,4.65,4.65
20230914,2023-09-14,5.65,3,3,3.65,4.6,4.6
20230915,2023-09-15,5.65,3,3,3.65,4.6,4.6
20230918,2023-09-18,5.58,3,3,3.58,4.55,4.55
20230919,2023-09-19,5.5,3,3,3.5,4.5,4.5
20230920,2023-09-20,5.5,3,3,3.5,4.5,4.5
20230921,2023-09-21,5.5,3,3,3.5,4.5,4.5
20230922,2023-09-22,5.5,3,3,3.5,4.5,4.5
20230925,2023-09-25,5.5,3,3,3.5,4.5,4.5
20230926,2023-09-26,5.5,3,3,3.5,4.5,4.5
20230927,2023-09-27,5.5,3,3,3.5,4.5,4.5
20230928,2023-09-28,5.5,3,3,3.5,4.5,4.5
20230929,2023-09-29,5.5,3,3,3.5,4.5,4.5
20231002,2023-10-02,5.5,3,3,3.5,4.5,4.5
20231003,2023-10-03,5.45,3,3,3.45,4.45,4.45
20231004,2023-10-04,5.45,3,3,3.45,4.45,4.45
20231005,2023-10-05,5.45,3,3,3.45,4.45,4.45
20231006,2023-10-06,5.45,3,3,3.45,4.45,4.45
20231009,2023-10-09,5.45,3,3,3.45,4.45,4.45
20231010,2023-10-10,5.45,3,3,3.45,4.45,4.45
20231011,2023-10-11,5.3,3,3,3.3,4.3,4.3
20231012,2023-10-12,5.3,3,3,3.3,4.3,4.3
20231013,2023-10-13,5.3,3,3,3.3,4.3,4.3
20231016,2023-10-16,5.3,3,3,3.3,4.3,4.3
20231017,2023-10-17,5.3,3,3,3.3,4.3,4.3
20231018,2023-10-18,5.3,3,3,3.3,4.3,4.3
20231019,2023-10-19,5.3,3,3,3.3,4.3,4.3
20231020,2023-10-20,5.25,2.95,2.95,3.25,4.25,4.25
20231023,2023-10-23,5.25,2.95,2.95,3.25,4.25,4.25
20231024,2023-10-24,5.25,2.95,2.95,3.25,4.25,4.25
20231025,2023-10-25,5.25,2.95,2.95,3.25,4.25,4.25
20231026,2023-10-26,5.25,2.95,2.95,3.25,4.25,4.25
20231027,2023-10-27,5.25,2.95,2.95,3.25,4.25,4.25
20231030,2023-10-30,5.25,2.95,2.95,3.25,4.25,4.25
20231031,2023-10-31,5.25,2.95,2.95,3.25,4.25,4.25
20231101,2023-11-01,5.25,2.95,2.95,3.25,4.25,4.25
20231102,2023-11-02,5.25,2.95,2.95,3.25,4.25,4.25
20231103,2023-11-03,5.25,2.95,2.95,3.25,4.25,4.25
20231106,2023-11-06,5.25,2.95,2.95,3.25,4.25,4.25
20231107,2023-11-07,5.25,2.95,2.95,3.25,4.25,4.25
20231108,2023-11-08,5.25,2.95,2.95,3.25,4.25,4.25
20231109,2023-11-09,5.25,2.95,2.95,3.25,4.25,4.25
20231110,2023-11-10,5.23,2.9,2.9,3.2,4.2,4.2
20231113,2023-11-13,5.23,2.9,2.9,3.2,4.2,4.2
20231114,2023-11-14,5.23,2.9,2.9,3.2,4.2,4.2
20231115,2023-11-15,5.23,2.9,2.9,3.2,4.2,4.2
20231116,2023-11-16,5.23,2.9,2.9,3.2,4.2,4.2
20231117,2023-11-17,5.23,2.9,2.9,3.2,4.2,4.2
20231120,2023-11-20,5.23,2.9,2.9,3.2,4.2,4.2
20231121,2023-11-21,5.23,2.9,2.9,3.2,4.2,4.2
20231122,2023-11-22,5.23,2.9,2.9,3.2,4.2,4.2
20231123,2023-11-23,5.23,2.9,2.9,3.2,4.2,4.2
20231124,2023-11-24,5.23,2.9,2.9,3.2,4.2,4.2
20231127,2023-11-27,5.23,2.9,2.9,3.2,4.2,4.2
20231128,2023-11-28,5.23,2.9,2.9,3.2,4.2,4.2
20231129,2023-11-29,5.23,2.9,2.9,3.2,4.2,4.2
20231130,2023-11-30,5.18,2.85,2.85,3.15,4.15,4.15
20231201,2023-12-01,5.18,2.85,2.85,3.15,4.15,4.15
20231204,2023-12-04,5.18,2.85,2.85,3.15,4.15,4.15
20231205,2023-12-05,5.18,2.85,2.85,3.15,4.15,4.15
20231206,2023-12-06,5.18,2.85,2.85,3.15,4.15,4.15
20231207,2023-12-07,5.18,2.85,2.85,3.15,4.15,4.15
20231208,2023-12-08,5.18,2.85,2.85,3.15,4.15,4.15
20231211,2023-12-11,5.18,2.8,2.8,3.1,4.1,4.1
20231212,2023-12-12,5.18,2.8,2.8,3.1,4.1,4.1
20231213,2023-12-13,4.95,2.5,2.5,2.88,3.88,3.88
20231214,2023-12-14,4.95,2.5,2.5,2.88,3.88,3.88
20231215,2023-12-15,4.95,2.5,2.5,2.88,3.88,3.88
20231218,2023-12-18,4.95,2.5,2.5,2.88,3.88,3.88
20231219,2023-12-19,4.95,2.5,2.5,2.88,3.88,3.88
20231220,2023-12-20,4.95,2.5,2.5,2.88,3.88,3.88
20231221,2023-12-21,4.95,2.5,2.5,2.88,3.88,3.88
20231222,2023-12-22,4.95,2.4,2.4,2.75,3.75,3.75
20231225,2023-12-25,4.95,2.33,2.33,2.67,3.67,3.67
20231226,2023-12-26,4.95,2.22,2.22,2.55,3.55,3.55
20231227,2023-12-27,4.95,2.08,2.08,2.42,3.42,3.42
20231228,2023-12-28,4.95,2.08,2.08,2.42,3.42,3.42
20231229,2023-12-29,4.95,2.08,2.08,2.42,3.42,3.42
20240101,2024-01-01,4.95,2.08,2.08,2.42,3.42,3.42
20240102,2024-01-02,4.95,2.08,2.08,2.42,3.42,3.42
20240103,2024-01-03,4.95,2.08,2.08,2.42,3.42,3.42
20240104,2024-01-04,4.95,2.08,2.08,2.42,3.42,3.42
20240105,2024-01-05,4.95,2.08,2.08,2.42,3.42,3.42
20240108,2024-01-08,4.95,2.08,2.08,2.42,3.42,3.42
20240109,2024-01-09,4.95,2.08,2.08,2.42,3.42,3.42
20240110,2024-01-10,4.95,2.08,2.08,2.42,3.42,3.42
20240111,2024-01-11,4.95,2.08,2.08,2.42,3.42,3.42
20240112,2024-01-12,4.93,2.03,2.03,2.38,3.38,3.38
20240115,2024-01-15,4.93,2.03,2.03,2.38,3.38,3.38
20240116,2024-01-16,4.93,2.03,2.03,2.38,3.38,3.38
20240117,2024-01-17,4.93,1.83,1.83,2.13,3.15,3.15
20240118,2024-01-18,4.93,1.83,1.83,2.13,3.15,3.15
20240119,2024-01-19,4.93,1.83,1.83,2.13,3.15,3.15
20240122,2024-01-22,4.93,1.83,1.83,2.13,3.15,3.15
20240123,2024-01-23,4.93,1.83,1.83,2.13,3.15,3.15
20240124,2024-01-24,4.93,1.83,1.83,2.13,3.15,3.15
20240125,2024-01-25,4.93,1.83,1.83,2.13,3.15,3.15
20240126,2024-01-26,4.93,1.83,1.83,2.13,3.15,3.15
20240129,2024-01-29,4.93,1.83,1.83,2.13,3.15,3.15
20240130,2024-01-30,4.82,1.83,1.83,2.13,3.15,3.15
20240131,2024-01-31,4.78,1.8,1.8,2.1,3.1,3.1
20240201,2024-02-01,4.78,1.8,1.8,2.1,3.1,3.1
20240202,2024-02-02,4.78,1.8,1.8,2.1,3.1,3.1
20240205,2024-02-05,4.78,1.8,1.8,2.1,3.1,3.1
20240206,2024-02-06,4.78,1.8,1.8,2.1,3.1,3.1
20240207,2024-02-07,4.78,1.8,1.8,2.1,3.1,3.1
20240208,2024-02-08,4.78,1.8,1.8,2.1,3.1,3.1
20240209,2024-02-09,4.78,1.8,1.8,2.1,3.1,3.1
20240212,2024-02-12,4.78,1.8,1.8,2.1,3.1,3.1
20240213,2024-02-13,4.78,1.8,1.8,2.1,3.1,3.1
20240214,2024-02-14,4.78,1.8,1.8,2.1,3.1,3.1
20240215,2024-02-15,4.78,1.8,1.8,2.1,3.1,3.1
20240216,2024-02-16,4.78,1.8,1.8,2.1,3.1,3.1
20240219,2024-02-19,4.78,1.8,1.8,2.1,3.1,3.1
20240220,2024-02-20,4.78,1.8,1.8,2.1,3.1,3.1
20240221,2024-02-21,4.78,1.8,1.8,2.1,3.1,3.1
20240222,2024-02-22,3.58,1.33,1.33,1.55,2.3,2.3
20240223,2024-02-23,4.78,1.8,1.8,2.1,3.1,3.1
20240226,2024-02-26,4.78,1.8,1.8,2.1,3.1,3.1
20240227,2024-02-27,4.78,1.8,1.8,2.1,3.1,3.1
20240228,2024-02-28,4.78,1.8,1.8,2.1,3.1,3.1
20240229,2024-02-29,4.78,1.8,1.8,2.1,3.1,3.1
20240301,2024-03-01,4.78,1.8,1.8,2.1,3.1,3.1
20240304,2024-03-04,4.78,1.8,1.8,2.1,3.1,3.1
20240305,2024-03-05,4.78,1.8,1.8,2.1,3.1,3.1
20240306,2024-03-06,4.78,1.8,1.8,2.1,3.1,3.1
20240307,2024-03-07,4.78,1.8,1.8,2.1,3.1,3.1
20240308,2024-03-08,4.78,1.8,1.8,2.1,3.1,3.1
20240311,2024-03-11,4.78,1.8,1.8,2.1,3.1,3.1
20240312,2024-03-12,4.78,1.8,1.8,2.1,3.1,3.1
20240313,2024-03-13,4.78,1.8,1.8,2.1,3.1,3.1
20240314,2024-03-14,4.78,1.8,1.8,2.1,3.1,3.1
20240315,2024-03-15,4.75,1.77,1.77,2.08,3.1,3.1
20240318,2024-03-18,4.75,1.77,1.77,2.08,3.1,3.1
20240319,2024-03-19,4.72,1.73,1.73,2.03,3.05,3.05
20240320,2024-03-20,4.72,1.73,1.73,2.03,3.05,3.05
20240321,2024-03-21,4.72,1.73,1.73,2.03,3.05,3.05
20240322,2024-03-22,4.7,1.68,1.68,1.98,3,3
20240325,2024-03-25,4.7,1.68,1.68,1.98,3,3
20240326,2024-03-26,4.7,1.68,1.68,1.98,3,3
20240327,2024-03-27,4.7,1.68,1.68,1.98,3,3
20240328,2024-03-28,4.7,1.68,1.68,1.98,3,3
20240329,2024-03-29,4.7,1.68,1.68,1.98,3,3
20240401,2024-04-01,4.67,1.65,1.65,1.95,2.97,2.97
20240402,2024-04-02,4.67,1.65,1.65,1.95,2.97,2.97
20240403,2024-04-03,4.67,1.65,1.65,1.95,2.97,2.97
20240404,2024-04-04,4.67,1.65,1.65,1.95,2.97,2.97
20240405,2024-04-05,4.67,1.65,1.65,1.95,2.97,2.97
20240408,2024-04-08,4.67,1.65,1.65,1.95,2.97,2.97
20240409,2024-04-09,4.67,1.65,1.65,1.95,2.97,2.97
20240410,2024-04-10,4.67,1.65,1.65,1.95,2.97,2.97
20240411,2024-04-11,4.67,1.65,1.65,1.95,2.97,2.97
20240412,2024-04-12,4.67,1.65,1.65,1.95,2.97,2.97
20240415,2024-04-15,4.67,1.65,1.65,1.95,2.97,2.97
20240416,2024-04-16,4.67,1.65,1.65,1.95,2.97,2.97
20240417,2024-04-17,4.67,1.65,1.65,1.95,2.97,2.97
20240418,2024-04-18,4.67,1.65,1.65,1.95,2.97,2.97
20240419,2024-04-19,4.67,1.65,1.65,1.95,2.97,2.97
20240422,2024-04-22,4.67,1.65,1.65,1.95,2.97,2.97
20240423,2024-04-23,4.67,1.65,1.65,1.95,2.97,2.97
20240424,2024-04-24,4.67,1.65,1.65,1.95,2.97,2.97
20240425,2024-04-25,4.67,1.65,1.65,1.95,2.97,2.97
20240426,2024-04-26,4.67,1.65,1.65,1.95,2.97,2.97
20240429,2024-04-29,4.67,1.65,1.65,1.95,2.97,2.97
20240430,2024-04-30,4.67,1.65,1.65,1.95,2.97,2.97
20240501,2024-05-01,4.67,1.65,1.65,1.95,2.97,2.97
20240502,2024-05-02,4.67,1.65,1.65,1.95,2.97,2.97
20240503,2024-05-03,4.67,1.65,1.65,1.95,2.97,2.97
20240506,2024-05-06,4.67,1.65,1.65,1.95,2.97,2.97
20240507,2024-05-07,4.67,1.65,1.65,1.95,2.97,2.97
20240508,2024-05-08,4.67,1.65,1.65,1.95,2.97,2.97
20240509,2024-05-09,4.67,1.65,1.65,1.95,2.97,2.97
20240510,2024-05-10,4.67,1.65,1.65,1.95,2.97,2.97
20240513,2024-05-13,4.67,1.65,1.65,1.95,2.97,2.97
20240514,2024-05-14,4.67,1.65,1.65,1.95,2.97,2.97
20240515,2024-05-15,4.67,1.65,1.65,1.95,2.97,2.97
20240516,2024-05-16,4.67,1.65,1.65,1.95,2.97,2.97
20240517,2024-05-17,4.67,1.65,1.65,1.95,2.97,2.97
20240520,2024-05-20,4.67,1.65,1.65,1.95,2.97,2.97
20240521,2024-05-21,4.67,1.65,1.65,1.95,2.97,2.97
20240522,2024-05-22,4.67,1.65,1.65,1.95,2.97,2.97
20240523,2024-05-23,4.67,1.65,1.65,1.95,2.97,2.97
20240524,2024-05-24,4.67,1.65,1.65,1.95,2.97,2.97
20240527,2024-05-27,4.67,1.65,1.65,1.95,2.97,2.97
20240528,2024-05-28,4.67,1.65,1.65,1.95,2.97,2.97
20240529,2024-05-29,4.67,1.65,1.65,1.95,2.97,2.97
20240530,2024-05-30,4.67,1.65,1.65,1.95,2.97,2.97
20240531,2024-05-31,4.67,1.65,1.65,1.95,2.97,2.97
20240603,2024-06-03,4.67,1.65,1.65,1.95,2.97,2.97
20240604,2024-06-04,4.67,1.65,1.65,1.95,2.97,2.97
20240605,2024-06-05,4.67,1.65,1.65,1.95,2.97,2.97
20240606,2024-06-06,4.67,1.65,1.65,1.95,2.97,2.97
20240607,2024-06-07,4.67,1.65,1.65,1.95,2.97,2.97
20240610,2024-06-10,4.67,1.65,1.65,1.95,2.97,2.97
20240611,2024-06-11,4.67,1.65,1.65,1.95,2.97,2.97
20240612,2024-06-12,4.67,1.65,1.65,1.95,2.97,2.97
20240613,2024-06-13,4.67,1.65,1.65,1.95,2.97,2.97
20240614,2024-06-14,4.67,1.65,1.65,1.95,2.97,2.97
20240617,2024-06-17,4.67,1.65,1.65,1.95,2.97,2.97
20240618,2024-06-18,4.67,1.65,1.65,1.95,2.97,2.97
20240619,2024-06-19,4.67,1.65,1.65,1.95,2.97,2.97
20240620,2024-06-20,4.67,1.65,1.65,1.95,2.97,2.97
20240621,2024-06-21,4.67,1.65,1.65,1.95,2.97,2.97
20240624,2024-06-24,4.67,1.65,1.65,1.95,2.97,2.97
20240625,2024-06-25,4.67,1.65,1.65,1.95,2.97,2.97
20240626,2024-06-26,4.67,1.65,1.65,1.95,2.97,2.97
20240627,2024-06-27,4.67,1.65,1.65,1.95,2.97,2.97
20240628,2024-06-28,4.67,1.65,1.65,1.95,2.97,2.97
20240701,2024-07-01,4.67,1.65,1.65,1.95,2.97,2.97
20240702,2024-07-02,4.67,1.65,1.65,1.95,2.97,2.97
20240703,2024-07-03,4.67,1.65,1.65,1.95,2.97,2.97
20240704,2024-07-04,4.67,1.65,1.65,1.95,2.97,2.97
20240705,2024-07-05,4.67,1.65,1.65,1.95,2.97,2.97
20240708,2024-07-08,4.67,1.65,1.65,1.95,2.97,2.97
20240709,2024-07-09,4.67,1.65,1.65,1.95,2.97,2.97
20240710,2024-07-10,4.67,1.65,1.65,1.95,2.97,2.97
20240711,2024-07-11,4.67,1.65,1.65,1.95,2.97,2.97
20240712,2024-07-12,4.67,1.65,1.65,1.95,2.97,2.97
20240715,2024-07-15,4.67,1.65,1.65,1.95,2.97,2.97
20240716,2024-07-16,4.67,1.65,1.65,1.95,2.97,2.97
20240717,2024-07-17,4.67,1.65,1.65,1.95,2.97,2.97
20240718,2024-07-18,4.67,1.65,1.65,1.95,2.97,2.97
20240719,2024-07-19,4.67,1.65,1.65,1.95,2.97,2.97
20240722,2024-07-22,4.67,1.65,1.65,1.95,2.97,2.97
20240723,2024-07-23,4.67,1.65,1.65,1.95,2.97,2.97
20240724,2024-07-24,4.67,1.65,1.65,1.95,2.97,2.97
20240725,2024-07-25,4.67,1.65,1.65,1.95,2.97,2.97
20240726,2024-07-26,4.67,1.65,1.65,1.95,2.97,2.97
20240729,2024-07-29,4.67,1.65,1.65,1.95,2.97,2.97
20240730,2024-07-30,4.67,1.65,1.65,1.95,2.97,2.97
20240731,2024-07-31,4.67,1.68,1.68,1.98,2.97,2.97
20240801,2024-08-01,4.67,1.68,1.68,1.98,2.97,2.97
20240802,2024-08-02,4.67,1.68,1.68,1.98,2.97,2.97
20240805,2024-08-05,4.67,1.68,1.68,1.98,2.97,2.97
20240806,2024-08-06,4.67,1.68,1.68,1.98,2.97,2.97
20240807,2024-08-07,4.67,1.68,1.68,1.98,2.97,2.97
20240808,2024-08-08,4.67,1.68,1.68,1.98,2.97,2.97
20240809,2024-08-09,4.67,1.68,1.68,1.98,2.97,2.97
20240812,2024-08-12,4.67,1.68,1.68,1.98,2.97,2.97
20240813,2024-08-13,4.67,1.68,1.68,1.98,2.97,2.97
20240814,2024-08-14,4.67,1.68,1.68,1.98,2.97,2.97
20240815,2024-08-15,4.67,1.68,1.68,1.98,2.97,2.97
20240816,2024-08-16,4.67,1.68,1.68,1.98,2.97,2.97
20240819,2024-08-19,4.67,1.68,1.68,1.98,2.97,2.97
20240820,2024-08-20,4.67,1.68,1.68,1.98,2.97,2.97
20240821,2024-08-21,4.67,1.68,1.68,1.98,2.97,2.97
20240822,2024-08-22,4.67,1.68,1.68,1.98,2.97,2.97
20240823,2024-08-23,4.67,1.68,1.68,1.98,2.97,2.97
20240826,2024-08-26,4.67,1.68,1.68,1.98,2.97,2.97
20240827,2024-08-27,4.67,1.68,1.68,1.98,2.97,2.97
20240828,2024-08-28,4.67,1.68,1.68,1.98,2.97,2.97
20240829,2024-08-29,4.67,1.68,1.68,1.98,2.97,2.97
20240830,2024-08-30,4.67,1.68,1.68,1.98,2.97,2.97
20240902,2024-09-02,4.67,1.68,1.68,1.98,2.97,2.97
20240903,2024-09-03,4.67,1.68,1.68,1.98,2.97,2.97
20240904,2024-09-04,4.67,1.68,1.68,1.98,2.97,2.97
20240905,2024-09-05,4.67,1.68,1.68,1.98,2.97,2.97
20240906,2024-09-06,4.67,1.68,1.68,1.98,2.97,2.97
20240909,2024-09-09,4.67,1.68,1.68,1.98,2.97,2.97
20240910,2024-09-10,4.67,1.68,1.68,1.98,2.97,2.97
20240911,2024-09-11,4.67,1.68,1.68,1.98,2.97,2.97
20240912,2024-09-12,4.67,1.68,1.68,1.98,2.97,2.97
20240913,2024-09-13,4.67,1.68,1.68,1.98,2.97,2.97
20240916,2024-09-16,4.67,1.68,1.68,1.98,2.97,2.97
20240917,2024-09-17,4.67,1.68,1.68,1.98,2.97,2.97
20240918,2024-09-18,4.67,1.68,1.68,1.98,2.97,2.97
20240919,2024-09-19,4.67,1.68,1.68,1.98,2.97,2.97
20240920,2024-09-20,4.67,1.68,1.68,1.98,2.97,2.97
20240923,2024-09-23,4.67,1.68,1.68,1.98,2.97,2.97
20240924,2024-09-24,4.67,1.68,1.68,1.98,2.97,2.97
20240925,2024-09-25,4.67,1.68,1.68,1.98,2.97,2.97
20240926,2024-09-26,4.67,1.68,1.68,1.98,2.97,2.97
20240927,2024-09-27,4.67,1.68,1.68,1.98,2.97,2.97
20240930,2024-09-30,4.67,1.68,1.68,1.98,2.97,2.97
20241001,2024-10-01,4.67,1.68,1.68,1.98,2.97,2.97
20241002,2024-10-02,4.67,1.68,1.68,1.98,2.97,2.97
20241003,2024-10-03,4.67,1.68,1.68,1.98,2.97,2.97
20241004,2024-10-04,4.67,1.68,1.68,1.98,2.97,2.97
20241007,2024-10-07,4.67,1.68,1.68,1.98,2.97,2.97
20241008,2024-10-08,4.67,1.68,1.68,1.98,2.97,2.97
20241009,2024-10-09,4.67,1.68,1.68,1.98,2.97,2.97
20241010,2024-10-10,4.67,1.68,1.68,1.98,2.97,2.97
20241011,2024-10-11,4.67,1.68,1.68,1.98,2.97,2.97
20241014,2024-10-14,4.67,1.68,1.68,1.98,2.97,2.97
20241015,2024-10-15,4.67,1.68,1.68,1.98,2.97,2.97
20241016,2024-10-16,4.67,1.68,1.68,1.98,2.97,2.97
20241017,2024-10-17,4.67,1.68,1.68,1.98,2.97,2.97
20241018,2024-10-18,4.67,1.68,1.68,1.98,2.97,2.97
20241021,2024-10-21,4.67,1.68,1.68,1.98,2.97,2.97
20241022,2024-10-22,4.67,1.68,1.68,1.98,2.97,2.97
20241023,2024-10-23,4.67,1.68,1.68,1.98,2.97,2.97
20241024,2024-10-24,4.67,1.68,1.68,1.98,2.97,2.97
20241025,2024-10-25,4.67,1.68,1.68,1.98,2.97,2.97
20241028,2024-10-28,4.67,1.68,1.68,1.98,2.97,2.97
20241029,2024-10-29,4.67,1.68,1.68,1.98,2.97,2.97
20241030,2024-10-30,4.67,1.68,1.68,1.98,2.97,2.97
20241031,2024-10-31,4.67,1.68,1.68,1.98,2.97,2.97
20241101,2024-11-01,4.67,1.68,1.68,1.98,2.97,2.97
20241104,2024-11-04,4.67,1.68,1.68,1.98,2.97,2.97
20241105,2024-11-05,4.67,1.68,1.68,1.98,2.97,2.97
20241106,2024-11-06,4.67,1.68,1.68,1.98,2.97,2.97
20241107,2024-11-07,4.67,1.68,1.68,1.98,2.97,2.97
20241108,2024-11-08,4.67,1.68,1.68,1.98,2.97,2.97
20241111,2024-11-11,4.67,1.68,1.68,1.98,2.97,2.97
20241112,2024-11-12,4.67,1.68,1.68,1.98,2.97,2.97
20241113,2024-11-13,4.67,1.68,1.68,1.98,2.97,2.97
20241114,2024-11-14,4.67,1.68,1.68,1.98,2.97,2.97
20241115,2024-11-15,4.68,1.8,1.8,2.1,3.1,3.1
20241118,2024-11-18,4.68,1.8,1.8,2.1,3.1,3.1
20241119,2024-11-19,4.68,1.8,1.8,2.1,3.1,3.1
20241120,2024-11-20,4.68,1.8,1.8,2.1,3.1,3.1
20241121,2024-11-21,4.68,1.8,1.8,2.1,3.1,3.1
20241122,2024-11-22,4.68,1.8,1.8,2.1,3.1,3.1
20241125,2024-11-25,4.68,1.8,1.8,2.1,3.1,3.1
20241126,2024-11-26,4.68,1.8,1.8,2.1,3.1,3.1
20241127,2024-11-27,4.68,1.8,1.8,2.1,3.1,3.1
20241128,2024-11-28,4.68,1.8,1.8,2.1,3.1,3.1
20241129,2024-11-29,4.68,1.8,1.8,2.1,3.1,3.1
20241202,2024-12-02,4.68,1.8,1.8,2.1,3.1,3.1
20241203,2024-12-03,4.68,1.8,1.8,2.1,3.1,3.1
20241204,2024-12-04,4.68,1.8,1.8,2.1,3.1,3.1
20241205,2024-12-05,4.68,1.8,1.8,2.1,3.1,3.1
20241206,2024-12-06,4.68,1.8,1.8,2.1,3.1,3.1
20241209,2024-12-09,4.68,1.8,1.8,2.1,3.1,3.1
20241210,2024-12-10,4.68,1.8,1.8,2.1,3.1,3.1
20241211,2024-12-11,4.68,1.8,1.8,2.1,3.1,3.1
20241212,2024-12-12,4.68,1.8,1.8,2.1,3.1,3.1
20241213,2024-12-13,4.68,1.8,1.8,2.1,3.1,3.1
20241216,2024-12-16,4.68,1.8,1.8,2.1,3.1,3.1
20241217,2024-12-17,4.68,1.8,1.8,2.1,3.1,3.1
20241218,2024-12-18,4.68,1.8,1.8,2.1,3.1,3.1
20241219,2024-12-19,4.68,1.8,1.8,2.1,3.1,3.1
20241220,2024-12-20,4.68,1.8,1.8,2.1,3.1,3.1
20241223,2024-12-23,4.68,1.8,1.8,2.1,3.1,3.1
20241224,2024-12-24,4.68,1.8,1.8,2.1,3.1,3.1
20241225,2024-12-25,4.68,1.8,1.8,2.1,3.1,3.1
20241226,2024-12-26,4.68,1.8,1.8,2.1,3.1,3.1
20241227,2024-12-27,4.68,1.8,1.8,2.1,3.1,3.1
20241230,2024-12-30,4.68,1.8,1.8,2.1,3.1,3.1
20241231,2024-12-31,4.68,1.8,1.8,2.1,3.1,3.1
20250101,2025-01-01,4.68,1.8,1.8,2.1,3.1,3.1
20250102,2025-01-02,4.68,1.8,1.8,2.1,3.1,3.1
20250103,2025-01-03,4.68,1.8,1.8,2.1,3.1,3.1
20250106,2025-01-06,4.68,1.8,1.8,2.1,3.1,3.1
20250107,2025-01-07,4.68,1.8,1.8,2.1,3.1,3.1
20250108,2025-01-08,4.68,1.8,1.8,2.1,3.1,3.1
20250109,2025-01-09,4.68,1.8,1.8,2.1,3.1,3.1
20250110,2025-01-10,4.68,1.8,1.8,2.1,3.1,3.1
20250113,2025-01-13,4.68,1.8,1.8,2.1,3.1,3.1
20250114,2025-01-14,4.68,1.8,1.8,2.1,3.1,3.1
20250115,2025-01-15,4.68,1.8,1.8,2.1,3.1,3.1
20250116,2025-01-16,4.68,1.8,1.8,2.1,3.1,3.1
20250117,2025-01-17,4.68,1.8,1.8,2.1,3.1,3.1
20250120,2025-01-20,4.68,1.8,1.8,2.1,3.1,3.1
20250121,2025-01-21,4.68,1.8,1.8,2.1,3.1,3.1
20250122,2025-01-22,4.68,1.8,1.8,2.1,3.1,3.1
20250123,2025-01-23,4.68,1.8,1.8,2.1,3.1,3.1
20250124,2025-01-24,4.68,1.8,1.8,2.1,3.1,3.1
20250127,2025-01-27,4.68,1.8,1.8,2.1,3.1,3.1
20250128,2025-01-28,4.68,1.8,1.8,2.1,3.1,3.1
20250129,2025-01-29,4.68,1.8,1.8,2.1,3.1,3.1
20250130,2025-01-30,4.68,1.8,1.8,2.1,3.1,3.1
20250131,2025-01-31,4.68,1.8,1.8,2.1,3.1,3.1
20250203,2025-02-03,4.68,1.8,1.8,2.1,3.1,3.1
20250204,2025-02-04,4.68,1.8,1.8,2.1,3.1,3.1
20250205,2025-02-05,4.68,1.8,1.8,2.1,3.1,3.1
20250206,2025-02-06,4.68,1.8,1.8,2.1,3.1,3.1
20250207,2025-02-07,4.68,1.8,1.8,2.1,3.1,3.1
20250210,2025-02-10,4.68,1.8,1.8,2.1,3.1,3.1
20250211,2025-02-11,4.68,1.8,1.8,2.1,3.1,3.1
20250212,2025-02-12,4.68,1.8,1.8,2.1,3.1,3.1
20250213,2025-02-13,4.68,1.8,1.8,2.1,3.1,3.1
20250214,2025-02-14,4.68,1.8,1.8,2.1,3.1,3.1
20250217,2025-02-17,4.68,1.8,1.8,2.1,3.1,3.1
20250218,2025-02-18,4.68,1.8,1.8,2.1,3.1,3.1
20250219,2025-02-19,4.68,1.8,1.8,2.1,3.1,3.1
20250220,2025-02-20,4.68,1.8,1.8,2.1,3.1,3.1
20250221,2025-02-21,4.68,1.8,1.8,2.1,3.1,3.1
20250224,2025-02-24,4.68,1.8,1.8,2.1,3.1,3.1
20250225,2025-02-25,4.68,1.8,1.8,2.1,3.1,3.1
20250226,2025-02-26,4.68,1.8,1.8,2.1,3.1,3.1
20250227,2025-02-27,4.68,1.8,1.8,2.1,3.1,3.1
20250228,2025-02-28,4.68,1.8,1.8,2.1,3.1,3.1
20250303,2025-03-03,4.68,1.8,1.8,2.1,3.1,3.1
20250304,2025-03-04,4.68,1.8,1.8,2.1,3.1,3.1
20250305,2025-03-05,4.68,1.8,1.8,2.1,3.1,3.1
20250306,2025-03-06,4.68,1.8,1.8,2.1,3.1,3.1
20250307,2025-03-07,4.68,1.8,1.8,2.1,3.1,3.1
20250310,2025-03-10,4.68,1.78,1.78,2.08,3.1,3.1
20250311,2025-03-11,4.68,1.78,1.78,2.08,3.1,3.1
20250312,2025-03-12,4.68,1.78,1.78,2.08,3.1,3.1
20250313,2025-03-13,4.68,1.78,1.78,2.08,3.1,3.1
20250314,2025-03-14,4.68,1.78,1.78,2.08,3.1,3.1
20250317,2025-03-17,4.68,1.78,1.78,2.08,3.1,3.1
20250318,2025-03-18,4.68,1.78,1.78,2.08,3.1,3.1
20250319,2025-03-19,4.68,1.78,1.78,2.08,3.1,3.1
20250320,2025-03-20,4.68,1.75,1.75,2.06,3.1,3.1
20250321,2025-03-21,4.68,1.75,1.75,2.06,3.1,3.1
20250324,2025-03-24,4.68,1.75,1.75,2.06,3.1,3.1
20250325,2025-03-25,4.68,1.73,1.73,2.03,3.1,3.1
20250326,2025-03-26,4.68,1.73,1.73,2.03,3.1,3.1
20250327,2025-03-27,4.68,1.73,1.73,2.03,3.1,3.1
20250328,2025-03-28,4.68,1.73,1.73,2.03,3.1,3.1
20250331,2025-03-31,4.68,1.73,1.73,2.03,3.1,3.1
20250401,2025-04-01,4.68,1.73,1.73,2.03,3.1,3.1
20250402,2025-04-02,4.68,1.73,1.73,2.03,3.1,3.1
20250403,2025-04-03,4.68,1.73,1.73,2.03,3.1,3.1
20250404,2025-04-04,4.68,1.73,1.73,2.03,3.1,3.1
20250407,2025-04-07,4.68,1.73,1.73,2.03,3.1,3.1
20250408,2025-04-08,4.68,1.73,1.73,2.03,3.1,3.1
20250409,2025-04-09,4.68,1.73,1.73,2.03,3.1,3.1
20250410,2025-04-10,4.68,1.73,1.73,2.03,3.1,3.1
20250411,2025-04-11,4.68,1.73,1.73,2.03,3.1,3.1
20250414,2025-04-14,4.68,1.73,1.73,2.03,3.1,3.1
20250415,2025-04-15,4.68,1.73,1.73,2.03,3.1,3.1
20250416,2025-04-16,4.68,1.73,1.73,2.03,3.1,3.1
20250417,2025-04-17,4.68,1.73,1.73,2.03,3.1,3.1
20250418,2025-04-18,4.68,1.73,1.73,2.03,3.1,3.1
20250421,2025-04-21,4.68,1.73,1.73,2.03,3.1,3.1
20250422,2025-04-22,4.68,1.73,1.73,2.03,3.1,3.1
20250423,2025-04-23,4.68,1.73,1.73,2.03,3.1,3.1
20250424,2025-04-24,4.68,1.73,1.73,2.03,3.1,3.1
20250425,2025-04-25,4.68,1.73,1.73,2.03,3.1,3.1
20250428,2025-04-28,4.68,1.73,1.73,2.03,3.1,3.1
20250429,2025-04-29,4.68,1.73,1.73,2.03,3.1,3.1
20250430,2025-04-30,4.68,1.73,1.73,2.03,3.1,3.1
20250501,2025-05-01,4.68,1.73,1.73,2.03,3.1,3.1
20250502,2025-05-02,4.68,1.73,1.73,2.03,3.1,3.1
20250505,2025-05-05,4.68,1.73,1.73,2.03,3.1,3.1
20250506,2025-05-06,4.68,1.73,1.73,2.03,3.1,3.1
20250507,2025-05-07,4.68,1.73,1.73,2.03,3.1,3.1
20250508,2025-05-08,4.68,1.73,1.73,2.03,3.1,3.1
20250509,2025-05-09,4.68,1.73,1.73,2.03,3.1,3.1
20250512,2025-05-12,4.68,1.73,1.73,2.03,3.1,3.1
20250513,2025-05-13,4.68,1.73,1.73,2.03,3.1,3.1
20250514,2025-05-14,4.68,1.73,1.73,2.03,3.1,3.1
20250515,2025-05-15,4.68,1.73,1.73,2.03,3.1,3.1
20250516,2025-05-16,4.68,1.73,1.73,2.03,3.1,3.1
20250519,2025-05-19,4.68,1.73,1.73,2.03,3.1,3.1
20250520,2025-05-20,4.68,1.73,1.73,2.03,3.1,3.1
20250521,2025-05-21,4.68,1.73,1.73,2.03,3.1,3.1
20250522,2025-05-22,4.68,1.73,1.73,2.03,3.1,3.1
20250523,2025-05-23,4.68,1.73,1.73,2.03,3.1,3.1
20250526,2025-05-26,4.68,1.73,1.73,2.03,3.1,3.1
20250527,2025-05-27,4.68,1.73,1.73,2.03,3.1,3.1
20250528,2025-05-28,4.68,1.73,1.73,2.03,3.1,3.1
20250529,2025-05-29,4.68,1.73,1.73,2.03,3.1,3.1
20250530,2025-05-30,4.68,1.73,1.73,2.03,3.1,3.1
20250602,2025-06-02,4.68,1.73,1.73,2.03,3.1,3.1
20250603,2025-06-03,4.68,1.73,1.73,2.03,3.1,3.1
20250604,2025-06-04,4.68,1.73,1.73,2.03,3.1,3.1
20250605,2025-06-05,4.68,1.73,1.73,2.03,3.1,3.1
20250606,2025-06-06,4.68,1.73,1.73,2.03,3.1,3.1
20250609,2025-06-09,4.68,1.73,1.73,2.03,3.1,3.1
20250610,2025-06-10,4.68,1.73,1.73,2.03,3.1,3.1
20250611,2025-06-11,4.68,1.73,1.73,2.03,3.1,3.1
20250612,2025-06-12,4.68,1.73,1.73,2.03,3.1,3.1
20250613,2025-06-13,4.68,1.73,1.73,2.03,3.1,3.1
20250616,2025-06-16,4.68,1.73,1.73,2.03,3.1,3.1
20250617,2025-06-17,4.68,1.73,1.73,2.03,3.1,3.1
